context,benchmark_kind,dataset_id,dataset_label,structure_id,target_variant,target_display_name,comparator_variant,comparator_display_name,metric,ratio,target_value,comparator_value,interpretation
batch:UP000000625_83333_ECOLI_v6_pdb:t10,batch,UP000000625_83333_ECOLI_v6_pdb,E. coli AFDB,,zsasa_0_9_0_f64,zsasa 0.9.0 f64,freesasa_batch,FreeSASA batch,runtime_speedup,3.0548332922278556,4.2583071347066666,13.008418403633334,higher means target is faster
batch:UP000000625_83333_ECOLI_v6_pdb:t10,batch,UP000000625_83333_ECOLI_v6_pdb,E. coli AFDB,,zsasa_0_9_0_f64,zsasa 0.9.0 f64,freesasa_batch,FreeSASA batch,rss_reduction,4.433561867450212,47.859375,212.1875,higher means target uses less memory
batch:UP000000625_83333_ECOLI_v6_pdb:t10,batch,UP000000625_83333_ECOLI_v6_pdb,E. coli AFDB,,zsasa_0_9_0_f64,zsasa 0.9.0 f64,rustsasa,RustSASA,runtime_speedup,1.3415725102287301,4.2583071347066666,5.712827792033334,higher means target is faster
batch:UP000000625_83333_ECOLI_v6_pdb:t10,batch,UP000000625_83333_ECOLI_v6_pdb,E. coli AFDB,,zsasa_0_9_0_f64,zsasa 0.9.0 f64,rustsasa,RustSASA,rss_reduction,3.5531613886168247,47.859375,170.05208333333334,higher means target uses less memory
batch:UP000000625_83333_ECOLI_v6_pdb:t10,batch,UP000000625_83333_ECOLI_v6_pdb,E. coli AFDB,,zsasa_0_9_0_f64,zsasa 0.9.0 f64,lahuta_bitmask,Lahuta bitmask,runtime_speedup,0.5297330084737351,4.2583071347066666,2.2557658494733333,higher means target is faster
batch:UP000000625_83333_ECOLI_v6_pdb:t10,batch,UP000000625_83333_ECOLI_v6_pdb,E. coli AFDB,,zsasa_0_9_0_f64,zsasa 0.9.0 f64,lahuta_bitmask,Lahuta bitmask,rss_reduction,3.8070519098922624,47.859375,182.203125,higher means target uses less memory
batch:UP000000625_83333_ECOLI_v6_pdb:t10,batch,UP000000625_83333_ECOLI_v6_pdb,E. coli AFDB,,zsasa_0_9_0_f32,zsasa 0.9.0 f32,freesasa_batch,FreeSASA batch,runtime_speedup,3.076857752745714,4.227825739433333,13.008418403633334,higher means target is faster
batch:UP000000625_83333_ECOLI_v6_pdb:t10,batch,UP000000625_83333_ECOLI_v6_pdb,E. coli AFDB,,zsasa_0_9_0_f32,zsasa 0.9.0 f32,freesasa_batch,FreeSASA batch,rss_reduction,4.735006973500697,44.8125,212.1875,higher means target uses less memory
batch:UP000000625_83333_ECOLI_v6_pdb:t10,batch,UP000000625_83333_ECOLI_v6_pdb,E. coli AFDB,,zsasa_0_9_0_f32,zsasa 0.9.0 f32,rustsasa,RustSASA,runtime_speedup,1.3512448582611258,4.227825739433333,5.712827792033334,higher means target is faster
batch:UP000000625_83333_ECOLI_v6_pdb:t10,batch,UP000000625_83333_ECOLI_v6_pdb,E. coli AFDB,,zsasa_0_9_0_f32,zsasa 0.9.0 f32,rustsasa,RustSASA,rss_reduction,3.794746629474663,44.8125,170.05208333333334,higher means target uses less memory
batch:UP000000625_83333_ECOLI_v6_pdb:t10,batch,UP000000625_83333_ECOLI_v6_pdb,E. coli AFDB,,zsasa_0_9_0_f32,zsasa 0.9.0 f32,lahuta_bitmask,Lahuta bitmask,runtime_speedup,0.5335522295617793,4.227825739433333,2.2557658494733333,higher means target is faster
batch:UP000000625_83333_ECOLI_v6_pdb:t10,batch,UP000000625_83333_ECOLI_v6_pdb,E. coli AFDB,,zsasa_0_9_0_f32,zsasa 0.9.0 f32,lahuta_bitmask,Lahuta bitmask,rss_reduction,4.065899581589958,44.8125,182.203125,higher means target uses less memory
batch:UP000000625_83333_ECOLI_v6_pdb:t10,batch,UP000000625_83333_ECOLI_v6_pdb,E. coli AFDB,,zsasa_0_9_0_bitmask_f64,zsasa 0.9.0 bitmask f64,freesasa_batch,FreeSASA batch,runtime_speedup,8.75950927345298,1.4850624615533334,13.008418403633334,higher means target is faster
batch:UP000000625_83333_ECOLI_v6_pdb:t10,batch,UP000000625_83333_ECOLI_v6_pdb,E. coli AFDB,,zsasa_0_9_0_bitmask_f64,zsasa 0.9.0 bitmask f64,freesasa_batch,FreeSASA batch,rss_reduction,4.226579520697168,50.203125,212.1875,higher means target uses less memory
batch:UP000000625_83333_ECOLI_v6_pdb:t10,batch,UP000000625_83333_ECOLI_v6_pdb,E. coli AFDB,,zsasa_0_9_0_bitmask_f64,zsasa 0.9.0 bitmask f64,rustsasa,RustSASA,runtime_speedup,3.8468602768787767,1.4850624615533334,5.712827792033334,higher means target is faster
batch:UP000000625_83333_ECOLI_v6_pdb:t10,batch,UP000000625_83333_ECOLI_v6_pdb,E. coli AFDB,,zsasa_0_9_0_bitmask_f64,zsasa 0.9.0 bitmask f64,rustsasa,RustSASA,rss_reduction,3.3872808382612307,50.203125,170.05208333333334,higher means target uses less memory
batch:UP000000625_83333_ECOLI_v6_pdb:t10,batch,UP000000625_83333_ECOLI_v6_pdb,E. coli AFDB,,zsasa_0_9_0_bitmask_f64,zsasa 0.9.0 bitmask f64,lahuta_bitmask,Lahuta bitmask,runtime_speedup,1.5189703516671385,1.4850624615533334,2.2557658494733333,higher means target is faster
batch:UP000000625_83333_ECOLI_v6_pdb:t10,batch,UP000000625_83333_ECOLI_v6_pdb,E. coli AFDB,,zsasa_0_9_0_bitmask_f64,zsasa 0.9.0 bitmask f64,lahuta_bitmask,Lahuta bitmask,rss_reduction,3.6293183940242764,50.203125,182.203125,higher means target uses less memory
batch:UP000000625_83333_ECOLI_v6_pdb:t10,batch,UP000000625_83333_ECOLI_v6_pdb,E. coli AFDB,,zsasa_0_9_0_bitmask_f32,zsasa 0.9.0 bitmask f32,freesasa_batch,FreeSASA batch,runtime_speedup,8.999572162722204,1.4454485356,13.008418403633334,higher means target is faster
batch:UP000000625_83333_ECOLI_v6_pdb:t10,batch,UP000000625_83333_ECOLI_v6_pdb,E. coli AFDB,,zsasa_0_9_0_bitmask_f32,zsasa 0.9.0 bitmask f32,freesasa_batch,FreeSASA batch,rss_reduction,4.480862296524418,47.354166666666664,212.1875,higher means target uses less memory
batch:UP000000625_83333_ECOLI_v6_pdb:t10,batch,UP000000625_83333_ECOLI_v6_pdb,E. coli AFDB,,zsasa_0_9_0_bitmask_f32,zsasa 0.9.0 bitmask f32,rustsasa,RustSASA,runtime_speedup,3.952287232185656,1.4454485356,5.712827792033334,higher means target is faster
batch:UP000000625_83333_ECOLI_v6_pdb:t10,batch,UP000000625_83333_ECOLI_v6_pdb,E. coli AFDB,,zsasa_0_9_0_bitmask_f32,zsasa 0.9.0 bitmask f32,rustsasa,RustSASA,rss_reduction,3.591069071711395,47.354166666666664,170.05208333333334,higher means target uses less memory
batch:UP000000625_83333_ECOLI_v6_pdb:t10,batch,UP000000625_83333_ECOLI_v6_pdb,E. coli AFDB,,zsasa_0_9_0_bitmask_f32,zsasa 0.9.0 bitmask f32,lahuta_bitmask,Lahuta bitmask,runtime_speedup,1.5605992146492949,1.4454485356,2.2557658494733333,higher means target is faster
batch:UP000000625_83333_ECOLI_v6_pdb:t10,batch,UP000000625_83333_ECOLI_v6_pdb,E. coli AFDB,,zsasa_0_9_0_bitmask_f32,zsasa 0.9.0 bitmask f32,lahuta_bitmask,Lahuta bitmask,rss_reduction,3.8476682798064235,47.354166666666664,182.203125,higher means target uses less memory
batch:UP000005640_9606_HUMAN_v6_cif:t10,batch,UP000005640_9606_HUMAN_v6_cif,UP000005640_9606_HUMAN_v6_cif,,zsasa_generic_read,zsasa generic/read,lahuta_bitmask,Lahuta bitmask,runtime_speedup,0.8250731432657026,20.44002781572667,16.864517998359997,higher means target is faster
batch:UP000005640_9606_HUMAN_v6_cif:t10,batch,UP000005640_9606_HUMAN_v6_cif,UP000005640_9606_HUMAN_v6_cif,,zsasa_generic_read,zsasa generic/read,lahuta_bitmask,Lahuta bitmask,rss_reduction,2.968660257210638,125.140625,371.5,higher means target uses less memory
batch:UP000005640_9606_HUMAN_v6_cif:t10,batch,UP000005640_9606_HUMAN_v6_cif,UP000005640_9606_HUMAN_v6_cif,,zsasa_af_fast_read,zsasa AF fast/read,lahuta_bitmask,Lahuta bitmask,runtime_speedup,1.0417586471060343,16.18850781340667,16.864517998359997,higher means target is faster
batch:UP000005640_9606_HUMAN_v6_cif:t10,batch,UP000005640_9606_HUMAN_v6_cif,UP000005640_9606_HUMAN_v6_cif,,zsasa_af_fast_read,zsasa AF fast/read,lahuta_bitmask,Lahuta bitmask,rss_reduction,3.9163235051886014,94.859375,371.5,higher means target uses less memory
batch:UP000005640_9606_HUMAN_v6_pdb:t10,batch,UP000005640_9606_HUMAN_v6_pdb,Human AFDB,,zsasa_0_9_0_f64,zsasa 0.9.0 f64,freesasa_batch,FreeSASA batch,runtime_speedup,3.1303862959759226,43.413991639673334,135.90256448244668,higher means target is faster
batch:UP000005640_9606_HUMAN_v6_pdb:t10,batch,UP000005640_9606_HUMAN_v6_pdb,Human AFDB,,zsasa_0_9_0_f64,zsasa 0.9.0 f64,freesasa_batch,FreeSASA batch,rss_reduction,8.038291605301914,84.875,682.25,higher means target uses less memory
batch:UP000005640_9606_HUMAN_v6_pdb:t10,batch,UP000005640_9606_HUMAN_v6_pdb,Human AFDB,,zsasa_0_9_0_f64,zsasa 0.9.0 f64,rustsasa,RustSASA,runtime_speedup,1.5046053215507744,43.413991639673334,65.32092285081333,higher means target is faster
batch:UP000005640_9606_HUMAN_v6_pdb:t10,batch,UP000005640_9606_HUMAN_v6_pdb,Human AFDB,,zsasa_0_9_0_f64,zsasa 0.9.0 f64,rustsasa,RustSASA,rss_reduction,3.8917525773195876,84.875,330.3125,higher means target uses less memory
batch:UP000005640_9606_HUMAN_v6_pdb:t10,batch,UP000005640_9606_HUMAN_v6_pdb,Human AFDB,,zsasa_0_9_0_f64,zsasa 0.9.0 f64,lahuta_bitmask,Lahuta bitmask,runtime_speedup,0.46229046782587774,43.413991639673334,20.06987450529333,higher means target is faster
batch:UP000005640_9606_HUMAN_v6_pdb:t10,batch,UP000005640_9606_HUMAN_v6_pdb,Human AFDB,,zsasa_0_9_0_f64,zsasa 0.9.0 f64,lahuta_bitmask,Lahuta bitmask,rss_reduction,3.964653902798233,84.875,336.5,higher means target uses less memory
batch:UP000005640_9606_HUMAN_v6_pdb:t10,batch,UP000005640_9606_HUMAN_v6_pdb,Human AFDB,,zsasa_0_9_0_f32,zsasa 0.9.0 f32,freesasa_batch,FreeSASA batch,runtime_speedup,3.179618580740167,42.74178208218,135.90256448244668,higher means target is faster
batch:UP000005640_9606_HUMAN_v6_pdb:t10,batch,UP000005640_9606_HUMAN_v6_pdb,Human AFDB,,zsasa_0_9_0_f32,zsasa 0.9.0 f32,freesasa_batch,FreeSASA batch,rss_reduction,8.430971229967176,80.921875,682.25,higher means target uses less memory
batch:UP000005640_9606_HUMAN_v6_pdb:t10,batch,UP000005640_9606_HUMAN_v6_pdb,Human AFDB,,zsasa_0_9_0_f32,zsasa 0.9.0 f32,rustsasa,RustSASA,runtime_speedup,1.5282685856481186,42.74178208218,65.32092285081333,higher means target is faster
batch:UP000005640_9606_HUMAN_v6_pdb:t10,batch,UP000005640_9606_HUMAN_v6_pdb,Human AFDB,,zsasa_0_9_0_f32,zsasa 0.9.0 f32,rustsasa,RustSASA,rss_reduction,4.0818690866962735,80.921875,330.3125,higher means target uses less memory
batch:UP000005640_9606_HUMAN_v6_pdb:t10,batch,UP000005640_9606_HUMAN_v6_pdb,Human AFDB,,zsasa_0_9_0_f32,zsasa 0.9.0 f32,lahuta_bitmask,Lahuta bitmask,runtime_speedup,0.4695610133125663,42.74178208218,20.06987450529333,higher means target is faster
batch:UP000005640_9606_HUMAN_v6_pdb:t10,batch,UP000005640_9606_HUMAN_v6_pdb,Human AFDB,,zsasa_0_9_0_f32,zsasa 0.9.0 f32,lahuta_bitmask,Lahuta bitmask,rss_reduction,4.158331724271095,80.921875,336.5,higher means target uses less memory
batch:UP000005640_9606_HUMAN_v6_pdb:t10,batch,UP000005640_9606_HUMAN_v6_pdb,Human AFDB,,zsasa_0_9_0_bitmask_f64,zsasa 0.9.0 bitmask f64,freesasa_batch,FreeSASA batch,runtime_speedup,9.929120735812528,13.687270816666667,135.90256448244668,higher means target is faster
batch:UP000005640_9606_HUMAN_v6_pdb:t10,batch,UP000005640_9606_HUMAN_v6_pdb,Human AFDB,,zsasa_0_9_0_bitmask_f64,zsasa 0.9.0 bitmask f64,freesasa_batch,FreeSASA batch,rss_reduction,7.613600697471665,89.609375,682.25,higher means target uses less memory
batch:UP000005640_9606_HUMAN_v6_pdb:t10,batch,UP000005640_9606_HUMAN_v6_pdb,Human AFDB,,zsasa_0_9_0_bitmask_f64,zsasa 0.9.0 bitmask f64,rustsasa,RustSASA,runtime_speedup,4.7723847745654,13.687270816666667,65.32092285081333,higher means target is faster
batch:UP000005640_9606_HUMAN_v6_pdb:t10,batch,UP000005640_9606_HUMAN_v6_pdb,Human AFDB,,zsasa_0_9_0_bitmask_f64,zsasa 0.9.0 bitmask f64,rustsasa,RustSASA,rss_reduction,3.6861377506538795,89.609375,330.3125,higher means target uses less memory
batch:UP000005640_9606_HUMAN_v6_pdb:t10,batch,UP000005640_9606_HUMAN_v6_pdb,Human AFDB,,zsasa_0_9_0_bitmask_f64,zsasa 0.9.0 bitmask f64,lahuta_bitmask,Lahuta bitmask,runtime_speedup,1.4663167532898318,13.687270816666667,20.06987450529333,higher means target is faster
batch:UP000005640_9606_HUMAN_v6_pdb:t10,batch,UP000005640_9606_HUMAN_v6_pdb,Human AFDB,,zsasa_0_9_0_bitmask_f64,zsasa 0.9.0 bitmask f64,lahuta_bitmask,Lahuta bitmask,rss_reduction,3.755187445510026,89.609375,336.5,higher means target uses less memory
batch:UP000005640_9606_HUMAN_v6_pdb:t10,batch,UP000005640_9606_HUMAN_v6_pdb,Human AFDB,,zsasa_0_9_0_bitmask_f32,zsasa 0.9.0 bitmask f32,freesasa_batch,FreeSASA batch,runtime_speedup,10.13597488153316,13.407942114186667,135.90256448244668,higher means target is faster
batch:UP000005640_9606_HUMAN_v6_pdb:t10,batch,UP000005640_9606_HUMAN_v6_pdb,Human AFDB,,zsasa_0_9_0_bitmask_f32,zsasa 0.9.0 bitmask f32,freesasa_batch,FreeSASA batch,rss_reduction,8.103934669636228,84.1875,682.25,higher means target uses less memory
batch:UP000005640_9606_HUMAN_v6_pdb:t10,batch,UP000005640_9606_HUMAN_v6_pdb,Human AFDB,,zsasa_0_9_0_bitmask_f32,zsasa 0.9.0 bitmask f32,rustsasa,RustSASA,runtime_speedup,4.871808238320078,13.407942114186667,65.32092285081333,higher means target is faster
batch:UP000005640_9606_HUMAN_v6_pdb:t10,batch,UP000005640_9606_HUMAN_v6_pdb,Human AFDB,,zsasa_0_9_0_bitmask_f32,zsasa 0.9.0 bitmask f32,rustsasa,RustSASA,rss_reduction,3.9235337787676317,84.1875,330.3125,higher means target uses less memory
batch:UP000005640_9606_HUMAN_v6_pdb:t10,batch,UP000005640_9606_HUMAN_v6_pdb,Human AFDB,,zsasa_0_9_0_bitmask_f32,zsasa 0.9.0 bitmask f32,lahuta_bitmask,Lahuta bitmask,runtime_speedup,1.496864644430245,13.407942114186667,20.06987450529333,higher means target is faster
batch:UP000005640_9606_HUMAN_v6_pdb:t10,batch,UP000005640_9606_HUMAN_v6_pdb,Human AFDB,,zsasa_0_9_0_bitmask_f32,zsasa 0.9.0 bitmask f32,lahuta_bitmask,Lahuta bitmask,rss_reduction,3.9970304380103934,84.1875,336.5,higher means target uses less memory
batch:swissprot_500k_pdb:t10,batch,swissprot_500k_pdb,SwissProt AFDB,,zsasa_0_6_0_f32,zsasa 0.6.0 f32,lahuta_bitmask,Lahuta bitmask,runtime_speedup,0.6105337933970453,963.2836559769801,588.117224601,higher means target is faster
batch:swissprot_500k_pdb:t10,batch,swissprot_500k_pdb,SwissProt AFDB,,zsasa_0_6_0_f32,zsasa 0.6.0 f32,lahuta_bitmask,Lahuta bitmask,rss_reduction,2.6767570900123303,253.4375,678.390625,higher means target uses less memory
batch:swissprot_500k_pdb:t10,batch,swissprot_500k_pdb,SwissProt AFDB,,zsasa_0_6_0_bitmask_f32,zsasa 0.6.0 bitmask f32,lahuta_bitmask,Lahuta bitmask,runtime_speedup,0.8647044239979008,680.13671293814,588.117224601,higher means target is faster
batch:swissprot_500k_pdb:t10,batch,swissprot_500k_pdb,SwissProt AFDB,,zsasa_0_6_0_bitmask_f32,zsasa 0.6.0 bitmask f32,lahuta_bitmask,Lahuta bitmask,rss_reduction,2.6443145136731836,256.546875,678.390625,higher means target uses less memory
batch:swissprot_500k_pdb:t10,batch,swissprot_500k_pdb,SwissProt AFDB,,zsasa_0_9_0_f32,zsasa 0.9.0 f32,lahuta_bitmask,Lahuta bitmask,runtime_speedup,0.6027053115030496,975.79565564858,588.117224601,higher means target is faster
batch:swissprot_500k_pdb:t10,batch,swissprot_500k_pdb,SwissProt AFDB,,zsasa_0_9_0_f32,zsasa 0.9.0 f32,lahuta_bitmask,Lahuta bitmask,rss_reduction,2.50689993648594,270.609375,678.390625,higher means target uses less memory
batch:swissprot_500k_pdb:t10,batch,swissprot_500k_pdb,SwissProt AFDB,,zsasa_0_9_0_bitmask_f32,zsasa 0.9.0 bitmask f32,lahuta_bitmask,Lahuta bitmask,runtime_speedup,0.8775441803655277,670.18531688744,588.117224601,higher means target is faster
batch:swissprot_500k_pdb:t10,batch,swissprot_500k_pdb,SwissProt AFDB,,zsasa_0_9_0_bitmask_f32,zsasa 0.9.0 bitmask f32,lahuta_bitmask,Lahuta bitmask,rss_reduction,2.477008215426746,273.875,678.390625,higher means target uses less memory
batch:swissprot_500k_pdb:t10,batch,swissprot_500k_pdb,SwissProt AFDB,,zsasa_generic_read,zsasa generic/read,lahuta_bitmask,Lahuta bitmask,runtime_speedup,0.9202933310269711,639.05409805014,588.117224601,higher means target is faster
batch:swissprot_500k_pdb:t10,batch,swissprot_500k_pdb,SwissProt AFDB,,zsasa_generic_read,zsasa generic/read,lahuta_bitmask,Lahuta bitmask,rss_reduction,2.4765843363185214,273.921875,678.390625,higher means target uses less memory
single_file:single_file_large_structure_mmcif_subset:3jc8:t10,single_file,single_file_large_structure_mmcif_subset,single_file_large_structure_mmcif_subset,3jc8,zsasa_f64,zsasa f64,freesasa,FreeSASA,runtime_speedup,4.801136016685269,0.13359755535999998,0.64142003478,higher means target is faster
single_file:single_file_large_structure_mmcif_subset:3jc8:t10,single_file,single_file_large_structure_mmcif_subset,single_file_large_structure_mmcif_subset,3jc8,zsasa_f64,zsasa f64,freesasa,FreeSASA,rss_reduction,15.909551656920078,40.078125,637.625,higher means target uses less memory
single_file:single_file_large_structure_mmcif_subset:3jc8:t10,single_file,single_file_large_structure_mmcif_subset,single_file_large_structure_mmcif_subset,3jc8,zsasa_f64,zsasa f64,rustsasa,RustSASA,runtime_speedup,2.4320548264858615,0.13359755535999998,0.32491657932,higher means target is faster
single_file:single_file_large_structure_mmcif_subset:3jc8:t10,single_file,single_file_large_structure_mmcif_subset,single_file_large_structure_mmcif_subset,3jc8,zsasa_f64,zsasa f64,rustsasa,RustSASA,rss_reduction,6.156725146198831,40.078125,246.75,higher means target uses less memory
single_file:single_file_large_structure_mmcif_subset:3jc8:t10,single_file,single_file_large_structure_mmcif_subset,single_file_large_structure_mmcif_subset,3jc8,zsasa_f64,zsasa f64,pdbtools_jl,PDBTools.jl,runtime_speedup,12.082187577637526,0.13359755535999998,1.6141507237733335,higher means target is faster
single_file:single_file_large_structure_mmcif_subset:3jc8:t10,single_file,single_file_large_structure_mmcif_subset,single_file_large_structure_mmcif_subset,3jc8,zsasa_f64,zsasa f64,pdbtools_jl,PDBTools.jl,rss_reduction,15.458479532163743,40.078125,619.546875,higher means target uses less memory
single_file:single_file_large_structure_mmcif_subset:3jc8:t10,single_file,single_file_large_structure_mmcif_subset,single_file_large_structure_mmcif_subset,3jc8,zsasa_f32,zsasa f32,freesasa,FreeSASA,runtime_speedup,4.775176294385467,0.13432384382000004,0.64142003478,higher means target is faster
single_file:single_file_large_structure_mmcif_subset:3jc8:t10,single_file,single_file_large_structure_mmcif_subset,single_file_large_structure_mmcif_subset,3jc8,zsasa_f32,zsasa f32,freesasa,FreeSASA,rss_reduction,15.849818746763336,40.229166666666664,637.625,higher means target uses less memory
single_file:single_file_large_structure_mmcif_subset:3jc8:t10,single_file,single_file_large_structure_mmcif_subset,single_file_large_structure_mmcif_subset,3jc8,zsasa_f32,zsasa f32,rustsasa,RustSASA,runtime_speedup,2.418904716242358,0.13432384382000004,0.32491657932,higher means target is faster
single_file:single_file_large_structure_mmcif_subset:3jc8:t10,single_file,single_file_large_structure_mmcif_subset,single_file_large_structure_mmcif_subset,3jc8,zsasa_f32,zsasa f32,rustsasa,RustSASA,rss_reduction,6.133609528741585,40.229166666666664,246.75,higher means target uses less memory
single_file:single_file_large_structure_mmcif_subset:3jc8:t10,single_file,single_file_large_structure_mmcif_subset,single_file_large_structure_mmcif_subset,3jc8,zsasa_f32,zsasa f32,pdbtools_jl,PDBTools.jl,runtime_speedup,12.016859240094169,0.13432384382000004,1.6141507237733335,higher means target is faster
single_file:single_file_large_structure_mmcif_subset:3jc8:t10,single_file,single_file_large_structure_mmcif_subset,single_file_large_structure_mmcif_subset,3jc8,zsasa_f32,zsasa f32,pdbtools_jl,PDBTools.jl,rss_reduction,15.4004401864319,40.229166666666664,619.546875,higher means target uses less memory
single_file:single_file_large_structure_mmcif_subset:3jc8:t10,single_file,single_file_large_structure_mmcif_subset,single_file_large_structure_mmcif_subset,3jc8,zsasa_bitmask_f64,zsasa bitmask f64,freesasa,FreeSASA,runtime_speedup,5.059177500523528,0.1267834612866667,0.64142003478,higher means target is faster
single_file:single_file_large_structure_mmcif_subset:3jc8:t10,single_file,single_file_large_structure_mmcif_subset,single_file_large_structure_mmcif_subset,3jc8,zsasa_bitmask_f64,zsasa bitmask f64,freesasa,FreeSASA,rss_reduction,15.170260223048327,42.03125,637.625,higher means target uses less memory
single_file:single_file_large_structure_mmcif_subset:3jc8:t10,single_file,single_file_large_structure_mmcif_subset,single_file_large_structure_mmcif_subset,3jc8,zsasa_bitmask_f64,zsasa bitmask f64,rustsasa,RustSASA,runtime_speedup,2.562767856489892,0.1267834612866667,0.32491657932,higher means target is faster
single_file:single_file_large_structure_mmcif_subset:3jc8:t10,single_file,single_file_large_structure_mmcif_subset,single_file_large_structure_mmcif_subset,3jc8,zsasa_bitmask_f64,zsasa bitmask f64,rustsasa,RustSASA,rss_reduction,5.870631970260223,42.03125,246.75,higher means target uses less memory
single_file:single_file_large_structure_mmcif_subset:3jc8:t10,single_file,single_file_large_structure_mmcif_subset,single_file_large_structure_mmcif_subset,3jc8,zsasa_bitmask_f64,zsasa bitmask f64,pdbtools_jl,PDBTools.jl,runtime_speedup,12.731555893742483,0.1267834612866667,1.6141507237733335,higher means target is faster
single_file:single_file_large_structure_mmcif_subset:3jc8:t10,single_file,single_file_large_structure_mmcif_subset,single_file_large_structure_mmcif_subset,3jc8,zsasa_bitmask_f64,zsasa bitmask f64,pdbtools_jl,PDBTools.jl,rss_reduction,14.740148698884758,42.03125,619.546875,higher means target uses less memory
single_file:single_file_large_structure_mmcif_subset:3jc8:t10,single_file,single_file_large_structure_mmcif_subset,single_file_large_structure_mmcif_subset,3jc8,zsasa_bitmask_f32,zsasa bitmask f32,freesasa,FreeSASA,runtime_speedup,4.981300235343675,0.12876558418000003,0.64142003478,higher means target is faster
single_file:single_file_large_structure_mmcif_subset:3jc8:t10,single_file,single_file_large_structure_mmcif_subset,single_file_large_structure_mmcif_subset,3jc8,zsasa_bitmask_f32,zsasa bitmask f32,freesasa,FreeSASA,rss_reduction,15.841614906832298,40.25,637.625,higher means target uses less memory
single_file:single_file_large_structure_mmcif_subset:3jc8:t10,single_file,single_file_large_structure_mmcif_subset,single_file_large_structure_mmcif_subset,3jc8,zsasa_bitmask_f32,zsasa bitmask f32,rustsasa,RustSASA,runtime_speedup,2.5233184890910185,0.12876558418000003,0.32491657932,higher means target is faster
single_file:single_file_large_structure_mmcif_subset:3jc8:t10,single_file,single_file_large_structure_mmcif_subset,single_file_large_structure_mmcif_subset,3jc8,zsasa_bitmask_f32,zsasa bitmask f32,rustsasa,RustSASA,rss_reduction,6.130434782608695,40.25,246.75,higher means target uses less memory
single_file:single_file_large_structure_mmcif_subset:3jc8:t10,single_file,single_file_large_structure_mmcif_subset,single_file_large_structure_mmcif_subset,3jc8,zsasa_bitmask_f32,zsasa bitmask f32,pdbtools_jl,PDBTools.jl,runtime_speedup,12.535575666840678,0.12876558418000003,1.6141507237733335,higher means target is faster
single_file:single_file_large_structure_mmcif_subset:3jc8:t10,single_file,single_file_large_structure_mmcif_subset,single_file_large_structure_mmcif_subset,3jc8,zsasa_bitmask_f32,zsasa bitmask f32,pdbtools_jl,PDBTools.jl,rss_reduction,15.39246894409938,40.25,619.546875,higher means target uses less memory
single_file:single_file_large_structure_mmcif_subset:5vyc:t10,single_file,single_file_large_structure_mmcif_subset,single_file_large_structure_mmcif_subset,5vyc,zsasa_f64,zsasa f64,freesasa,FreeSASA,runtime_speedup,5.2325399911940735,0.39331648996666674,2.0580442629466664,higher means target is faster
single_file:single_file_large_structure_mmcif_subset:5vyc:t10,single_file,single_file_large_structure_mmcif_subset,single_file_large_structure_mmcif_subset,5vyc,zsasa_f64,zsasa f64,freesasa,FreeSASA,rss_reduction,14.885683897043181,122.421875,1822.3333333333333,higher means target uses less memory
single_file:single_file_large_structure_mmcif_subset:5vyc:t10,single_file,single_file_large_structure_mmcif_subset,single_file_large_structure_mmcif_subset,5vyc,zsasa_f64,zsasa f64,rustsasa,RustSASA,runtime_speedup,2.721021638877554,0.39331648996666674,1.0702226801266665,higher means target is faster
single_file:single_file_large_structure_mmcif_subset:5vyc:t10,single_file,single_file_large_structure_mmcif_subset,single_file_large_structure_mmcif_subset,5vyc,zsasa_f64,zsasa f64,rustsasa,RustSASA,rss_reduction,6.000765794511806,122.421875,734.625,higher means target uses less memory
single_file:single_file_large_structure_mmcif_subset:5vyc:t10,single_file,single_file_large_structure_mmcif_subset,single_file_large_structure_mmcif_subset,5vyc,zsasa_f64,zsasa f64,pdbtools_jl,PDBTools.jl,runtime_speedup,4.8101153777720755,0.39331648996666674,1.8918976967199999,higher means target is faster
single_file:single_file_large_structure_mmcif_subset:5vyc:t10,single_file,single_file_large_structure_mmcif_subset,single_file_large_structure_mmcif_subset,5vyc,zsasa_f64,zsasa f64,pdbtools_jl,PDBTools.jl,rss_reduction,6.340778557753669,122.421875,776.25,higher means target uses less memory
single_file:single_file_large_structure_mmcif_subset:5vyc:t10,single_file,single_file_large_structure_mmcif_subset,single_file_large_structure_mmcif_subset,5vyc,zsasa_f32,zsasa f32,freesasa,FreeSASA,runtime_speedup,5.080296844851299,0.4051031516066667,2.0580442629466664,higher means target is faster
single_file:single_file_large_structure_mmcif_subset:5vyc:t10,single_file,single_file_large_structure_mmcif_subset,single_file_large_structure_mmcif_subset,5vyc,zsasa_f32,zsasa f32,freesasa,FreeSASA,rss_reduction,14.821366543821748,122.953125,1822.3333333333333,higher means target uses less memory
single_file:single_file_large_structure_mmcif_subset:5vyc:t10,single_file,single_file_large_structure_mmcif_subset,single_file_large_structure_mmcif_subset,5vyc,zsasa_f32,zsasa f32,rustsasa,RustSASA,runtime_speedup,2.6418522686927775,0.4051031516066667,1.0702226801266665,higher means target is faster
single_file:single_file_large_structure_mmcif_subset:5vyc:t10,single_file,single_file_large_structure_mmcif_subset,single_file_large_structure_mmcif_subset,5vyc,zsasa_f32,zsasa f32,rustsasa,RustSASA,rss_reduction,5.974837971788029,122.953125,734.625,higher means target uses less memory
single_file:single_file_large_structure_mmcif_subset:5vyc:t10,single_file,single_file_large_structure_mmcif_subset,single_file_large_structure_mmcif_subset,5vyc,zsasa_f32,zsasa f32,pdbtools_jl,PDBTools.jl,runtime_speedup,4.670162868930061,0.4051031516066667,1.8918976967199999,higher means target is faster
single_file:single_file_large_structure_mmcif_subset:5vyc:t10,single_file,single_file_large_structure_mmcif_subset,single_file_large_structure_mmcif_subset,5vyc,zsasa_f32,zsasa f32,pdbtools_jl,PDBTools.jl,rss_reduction,6.313381624094548,122.953125,776.25,higher means target uses less memory
single_file:single_file_large_structure_mmcif_subset:5vyc:t10,single_file,single_file_large_structure_mmcif_subset,single_file_large_structure_mmcif_subset,5vyc,zsasa_bitmask_f64,zsasa bitmask f64,freesasa,FreeSASA,runtime_speedup,6.026717835619236,0.34148674603333334,2.0580442629466664,higher means target is faster
single_file:single_file_large_structure_mmcif_subset:5vyc:t10,single_file,single_file_large_structure_mmcif_subset,single_file_large_structure_mmcif_subset,5vyc,zsasa_bitmask_f64,zsasa bitmask f64,freesasa,FreeSASA,rss_reduction,14.661749916191752,124.29166666666667,1822.3333333333333,higher means target uses less memory
single_file:single_file_large_structure_mmcif_subset:5vyc:t10,single_file,single_file_large_structure_mmcif_subset,single_file_large_structure_mmcif_subset,5vyc,zsasa_bitmask_f64,zsasa bitmask f64,rustsasa,RustSASA,runtime_speedup,3.134009423669402,0.34148674603333334,1.0702226801266665,higher means target is faster
single_file:single_file_large_structure_mmcif_subset:5vyc:t10,single_file,single_file_large_structure_mmcif_subset,single_file_large_structure_mmcif_subset,5vyc,zsasa_bitmask_f64,zsasa bitmask f64,rustsasa,RustSASA,rss_reduction,5.910492792490781,124.29166666666667,734.625,higher means target uses less memory
single_file:single_file_large_structure_mmcif_subset:5vyc:t10,single_file,single_file_large_structure_mmcif_subset,single_file_large_structure_mmcif_subset,5vyc,zsasa_bitmask_f64,zsasa bitmask f64,pdbtools_jl,PDBTools.jl,runtime_speedup,5.540178992877595,0.34148674603333334,1.8918976967199999,higher means target is faster
single_file:single_file_large_structure_mmcif_subset:5vyc:t10,single_file,single_file_large_structure_mmcif_subset,single_file_large_structure_mmcif_subset,5vyc,zsasa_bitmask_f64,zsasa bitmask f64,pdbtools_jl,PDBTools.jl,rss_reduction,6.2453905464297685,124.29166666666667,776.25,higher means target uses less memory
single_file:single_file_large_structure_mmcif_subset:5vyc:t10,single_file,single_file_large_structure_mmcif_subset,single_file_large_structure_mmcif_subset,5vyc,zsasa_bitmask_f32,zsasa bitmask f32,freesasa,FreeSASA,runtime_speedup,5.73435123209931,0.35889748981999997,2.0580442629466664,higher means target is faster
single_file:single_file_large_structure_mmcif_subset:5vyc:t10,single_file,single_file_large_structure_mmcif_subset,single_file_large_structure_mmcif_subset,5vyc,zsasa_bitmask_f32,zsasa bitmask f32,freesasa,FreeSASA,rss_reduction,14.904707135250266,122.265625,1822.3333333333333,higher means target uses less memory
single_file:single_file_large_structure_mmcif_subset:5vyc:t10,single_file,single_file_large_structure_mmcif_subset,single_file_large_structure_mmcif_subset,5vyc,zsasa_bitmask_f32,zsasa bitmask f32,rustsasa,RustSASA,runtime_speedup,2.9819731552411297,0.35889748981999997,1.0702226801266665,higher means target is faster
single_file:single_file_large_structure_mmcif_subset:5vyc:t10,single_file,single_file_large_structure_mmcif_subset,single_file_large_structure_mmcif_subset,5vyc,zsasa_bitmask_f32,zsasa bitmask f32,rustsasa,RustSASA,rss_reduction,6.008434504792333,122.265625,734.625,higher means target uses less memory
single_file:single_file_large_structure_mmcif_subset:5vyc:t10,single_file,single_file_large_structure_mmcif_subset,single_file_large_structure_mmcif_subset,5vyc,zsasa_bitmask_f32,zsasa bitmask f32,pdbtools_jl,PDBTools.jl,runtime_speedup,5.271415238008086,0.35889748981999997,1.8918976967199999,higher means target is faster
single_file:single_file_large_structure_mmcif_subset:5vyc:t10,single_file,single_file_large_structure_mmcif_subset,single_file_large_structure_mmcif_subset,5vyc,zsasa_bitmask_f32,zsasa bitmask f32,pdbtools_jl,PDBTools.jl,rss_reduction,6.34888178913738,122.265625,776.25,higher means target uses less memory
single_file:single_file_large_structure_mmcif_subset:8rbs:t10,single_file,single_file_large_structure_mmcif_subset,single_file_large_structure_mmcif_subset,8rbs,zsasa_f64,zsasa f64,freesasa,FreeSASA,runtime_speedup,4.798707366209067,0.19449579746666668,0.9333284160000002,higher means target is faster
single_file:single_file_large_structure_mmcif_subset:8rbs:t10,single_file,single_file_large_structure_mmcif_subset,single_file_large_structure_mmcif_subset,8rbs,zsasa_f64,zsasa f64,freesasa,FreeSASA,rss_reduction,17.713631156930127,54.5625,966.5,higher means target uses less memory
single_file:single_file_large_structure_mmcif_subset:8rbs:t10,single_file,single_file_large_structure_mmcif_subset,single_file_large_structure_mmcif_subset,8rbs,zsasa_f64,zsasa f64,rustsasa,RustSASA,runtime_speedup,2.472195038948026,0.19449579746666668,0.48083154559333335,higher means target is faster
single_file:single_file_large_structure_mmcif_subset:8rbs:t10,single_file,single_file_large_structure_mmcif_subset,single_file_large_structure_mmcif_subset,8rbs,zsasa_f64,zsasa f64,rustsasa,RustSASA,rss_reduction,5.780068728522337,54.5625,315.375,higher means target uses less memory
single_file:single_file_large_structure_mmcif_subset:8rbs:t10,single_file,single_file_large_structure_mmcif_subset,single_file_large_structure_mmcif_subset,8rbs,zsasa_f64,zsasa f64,pdbtools_jl,PDBTools.jl,runtime_speedup,8.867427023672569,0.19449579746666668,1.7246772904466667,higher means target is faster
single_file:single_file_large_structure_mmcif_subset:8rbs:t10,single_file,single_file_large_structure_mmcif_subset,single_file_large_structure_mmcif_subset,8rbs,zsasa_f64,zsasa f64,pdbtools_jl,PDBTools.jl,rss_reduction,12.390320733104238,54.5625,676.046875,higher means target uses less memory
single_file:single_file_large_structure_mmcif_subset:8rbs:t10,single_file,single_file_large_structure_mmcif_subset,single_file_large_structure_mmcif_subset,8rbs,zsasa_f32,zsasa f32,freesasa,FreeSASA,runtime_speedup,4.782727514870062,0.19514563878,0.9333284160000002,higher means target is faster
single_file:single_file_large_structure_mmcif_subset:8rbs:t10,single_file,single_file_large_structure_mmcif_subset,single_file_large_structure_mmcif_subset,8rbs,zsasa_f32,zsasa f32,freesasa,FreeSASA,rss_reduction,17.717013557380177,54.552083333333336,966.5,higher means target uses less memory
single_file:single_file_large_structure_mmcif_subset:8rbs:t10,single_file,single_file_large_structure_mmcif_subset,single_file_large_structure_mmcif_subset,8rbs,zsasa_f32,zsasa f32,rustsasa,RustSASA,runtime_speedup,2.463962549198474,0.19514563878,0.48083154559333335,higher means target is faster
single_file:single_file_large_structure_mmcif_subset:8rbs:t10,single_file,single_file_large_structure_mmcif_subset,single_file_large_structure_mmcif_subset,8rbs,zsasa_f32,zsasa f32,rustsasa,RustSASA,rss_reduction,5.781172426962001,54.552083333333336,315.375,higher means target uses less memory
single_file:single_file_large_structure_mmcif_subset:8rbs:t10,single_file,single_file_large_structure_mmcif_subset,single_file_large_structure_mmcif_subset,8rbs,zsasa_f32,zsasa f32,pdbtools_jl,PDBTools.jl,runtime_speedup,8.837898203766697,0.19514563878,1.7246772904466667,higher means target is faster
single_file:single_file_large_structure_mmcif_subset:8rbs:t10,single_file,single_file_large_structure_mmcif_subset,single_file_large_structure_mmcif_subset,8rbs,zsasa_f32,zsasa f32,pdbtools_jl,PDBTools.jl,rss_reduction,12.392686652663738,54.552083333333336,676.046875,higher means target uses less memory
single_file:single_file_large_structure_mmcif_subset:8rbs:t10,single_file,single_file_large_structure_mmcif_subset,single_file_large_structure_mmcif_subset,8rbs,zsasa_bitmask_f64,zsasa bitmask f64,freesasa,FreeSASA,runtime_speedup,5.222220288801023,0.1787225288066667,0.9333284160000002,higher means target is faster
single_file:single_file_large_structure_mmcif_subset:8rbs:t10,single_file,single_file_large_structure_mmcif_subset,single_file_large_structure_mmcif_subset,8rbs,zsasa_bitmask_f64,zsasa bitmask f64,freesasa,FreeSASA,rss_reduction,16.681769147788565,57.9375,966.5,higher means target uses less memory
single_file:single_file_large_structure_mmcif_subset:8rbs:t10,single_file,single_file_large_structure_mmcif_subset,single_file_large_structure_mmcif_subset,8rbs,zsasa_bitmask_f64,zsasa bitmask f64,rustsasa,RustSASA,runtime_speedup,2.6903801597026047,0.1787225288066667,0.48083154559333335,higher means target is faster
single_file:single_file_large_structure_mmcif_subset:8rbs:t10,single_file,single_file_large_structure_mmcif_subset,single_file_large_structure_mmcif_subset,8rbs,zsasa_bitmask_f64,zsasa bitmask f64,rustsasa,RustSASA,rss_reduction,5.44336569579288,57.9375,315.375,higher means target uses less memory
single_file:single_file_large_structure_mmcif_subset:8rbs:t10,single_file,single_file_large_structure_mmcif_subset,single_file_large_structure_mmcif_subset,8rbs,zsasa_bitmask_f64,zsasa bitmask f64,pdbtools_jl,PDBTools.jl,runtime_speedup,9.650027346649388,0.1787225288066667,1.7246772904466667,higher means target is faster
single_file:single_file_large_structure_mmcif_subset:8rbs:t10,single_file,single_file_large_structure_mmcif_subset,single_file_large_structure_mmcif_subset,8rbs,zsasa_bitmask_f64,zsasa bitmask f64,pdbtools_jl,PDBTools.jl,rss_reduction,11.668554476806904,57.9375,676.046875,higher means target uses less memory
single_file:single_file_large_structure_mmcif_subset:8rbs:t10,single_file,single_file_large_structure_mmcif_subset,single_file_large_structure_mmcif_subset,8rbs,zsasa_bitmask_f32,zsasa bitmask f32,freesasa,FreeSASA,runtime_speedup,5.209855824189563,0.1791466880266667,0.9333284160000002,higher means target is faster
single_file:single_file_large_structure_mmcif_subset:8rbs:t10,single_file,single_file_large_structure_mmcif_subset,single_file_large_structure_mmcif_subset,8rbs,zsasa_bitmask_f32,zsasa bitmask f32,freesasa,FreeSASA,rss_reduction,17.710250047719033,54.572916666666664,966.5,higher means target uses less memory
single_file:single_file_large_structure_mmcif_subset:8rbs:t10,single_file,single_file_large_structure_mmcif_subset,single_file_large_structure_mmcif_subset,8rbs,zsasa_bitmask_f32,zsasa bitmask f32,rustsasa,RustSASA,runtime_speedup,2.684010242610568,0.1791466880266667,0.48083154559333335,higher means target is faster
single_file:single_file_large_structure_mmcif_subset:8rbs:t10,single_file,single_file_large_structure_mmcif_subset,single_file_large_structure_mmcif_subset,8rbs,zsasa_bitmask_f32,zsasa bitmask f32,rustsasa,RustSASA,rss_reduction,5.778965451422027,54.572916666666664,315.375,higher means target uses less memory
single_file:single_file_large_structure_mmcif_subset:8rbs:t10,single_file,single_file_large_structure_mmcif_subset,single_file_large_structure_mmcif_subset,8rbs,zsasa_bitmask_f32,zsasa bitmask f32,pdbtools_jl,PDBTools.jl,runtime_speedup,9.627179321283023,0.1791466880266667,1.7246772904466667,higher means target is faster
single_file:single_file_large_structure_mmcif_subset:8rbs:t10,single_file,single_file_large_structure_mmcif_subset,single_file_large_structure_mmcif_subset,8rbs,zsasa_bitmask_f32,zsasa bitmask f32,pdbtools_jl,PDBTools.jl,rss_reduction,12.387955716739837,54.572916666666664,676.046875,higher means target uses less memory
single_file:single_file_large_structure_mmcif_subset:9fqr:t10,single_file,single_file_large_structure_mmcif_subset,single_file_large_structure_mmcif_subset,9fqr,zsasa_f64,zsasa f64,freesasa,FreeSASA,runtime_speedup,4.150760531535256,6.974901412713333,28.95114549524,higher means target is faster
single_file:single_file_large_structure_mmcif_subset:9fqr:t10,single_file,single_file_large_structure_mmcif_subset,single_file_large_structure_mmcif_subset,9fqr,zsasa_f64,zsasa f64,freesasa,FreeSASA,rss_reduction,9.792434572245437,2131.40625,20871.65625,higher means target uses less memory
single_file:single_file_large_structure_mmcif_subset:9fqr:t10,single_file,single_file_large_structure_mmcif_subset,single_file_large_structure_mmcif_subset,9fqr,zsasa_f64,zsasa f64,rustsasa,RustSASA,runtime_speedup,3.3902858942624627,6.974901412713333,23.646909873393337,higher means target is faster
single_file:single_file_large_structure_mmcif_subset:9fqr:t10,single_file,single_file_large_structure_mmcif_subset,single_file_large_structure_mmcif_subset,9fqr,zsasa_f64,zsasa f64,rustsasa,RustSASA,rss_reduction,3.8528480316692324,2131.40625,8211.984375,higher means target uses less memory
single_file:single_file_large_structure_mmcif_subset:9fqr:t10,single_file,single_file_large_structure_mmcif_subset,single_file_large_structure_mmcif_subset,9fqr,zsasa_f64,zsasa f64,pdbtools_jl,PDBTools.jl,runtime_speedup,1.5066267875231067,6.974901412713333,10.508573308726668,higher means target is faster
single_file:single_file_large_structure_mmcif_subset:9fqr:t10,single_file,single_file_large_structure_mmcif_subset,single_file_large_structure_mmcif_subset,9fqr,zsasa_f64,zsasa f64,pdbtools_jl,PDBTools.jl,rss_reduction,3.156975295066344,2131.40625,6728.796875,higher means target uses less memory
single_file:single_file_large_structure_mmcif_subset:9fqr:t10,single_file,single_file_large_structure_mmcif_subset,single_file_large_structure_mmcif_subset,9fqr,zsasa_f32,zsasa f32,freesasa,FreeSASA,runtime_speedup,4.13772868727543,6.996868978933333,28.95114549524,higher means target is faster
single_file:single_file_large_structure_mmcif_subset:9fqr:t10,single_file,single_file_large_structure_mmcif_subset,single_file_large_structure_mmcif_subset,9fqr,zsasa_f32,zsasa f32,freesasa,FreeSASA,rss_reduction,9.696542512648902,2152.484375,20871.65625,higher means target uses less memory
single_file:single_file_large_structure_mmcif_subset:9fqr:t10,single_file,single_file_large_structure_mmcif_subset,single_file_large_structure_mmcif_subset,9fqr,zsasa_f32,zsasa f32,rustsasa,RustSASA,runtime_speedup,3.3796416575172588,6.996868978933333,23.646909873393337,higher means target is faster
single_file:single_file_large_structure_mmcif_subset:9fqr:t10,single_file,single_file_large_structure_mmcif_subset,single_file_large_structure_mmcif_subset,9fqr,zsasa_f32,zsasa f32,rustsasa,RustSASA,rss_reduction,3.8151191573690286,2152.484375,8211.984375,higher means target uses less memory
single_file:single_file_large_structure_mmcif_subset:9fqr:t10,single_file,single_file_large_structure_mmcif_subset,single_file_large_structure_mmcif_subset,9fqr,zsasa_f32,zsasa f32,pdbtools_jl,PDBTools.jl,runtime_speedup,1.5018965397760944,6.996868978933333,10.508573308726668,higher means target is faster
single_file:single_file_large_structure_mmcif_subset:9fqr:t10,single_file,single_file_large_structure_mmcif_subset,single_file_large_structure_mmcif_subset,9fqr,zsasa_f32,zsasa f32,pdbtools_jl,PDBTools.jl,rss_reduction,3.1260607292445504,2152.484375,6728.796875,higher means target uses less memory
single_file:single_file_large_structure_mmcif_subset:9fqr:t10,single_file,single_file_large_structure_mmcif_subset,single_file_large_structure_mmcif_subset,9fqr,zsasa_bitmask_f64,zsasa bitmask f64,freesasa,FreeSASA,runtime_speedup,4.879778860867599,5.932880632646667,28.95114549524,higher means target is faster
single_file:single_file_large_structure_mmcif_subset:9fqr:t10,single_file,single_file_large_structure_mmcif_subset,single_file_large_structure_mmcif_subset,9fqr,zsasa_bitmask_f64,zsasa bitmask f64,freesasa,FreeSASA,rss_reduction,9.636245590494946,2165.953125,20871.65625,higher means target uses less memory
single_file:single_file_large_structure_mmcif_subset:9fqr:t10,single_file,single_file_large_structure_mmcif_subset,single_file_large_structure_mmcif_subset,9fqr,zsasa_bitmask_f64,zsasa bitmask f64,rustsasa,RustSASA,runtime_speedup,3.985738351665507,5.932880632646667,23.646909873393337,higher means target is faster
single_file:single_file_large_structure_mmcif_subset:9fqr:t10,single_file,single_file_large_structure_mmcif_subset,single_file_large_structure_mmcif_subset,9fqr,zsasa_bitmask_f64,zsasa bitmask f64,rustsasa,RustSASA,rss_reduction,3.791395243144978,2165.953125,8211.984375,higher means target uses less memory
single_file:single_file_large_structure_mmcif_subset:9fqr:t10,single_file,single_file_large_structure_mmcif_subset,single_file_large_structure_mmcif_subset,9fqr,zsasa_bitmask_f64,zsasa bitmask f64,pdbtools_jl,PDBTools.jl,runtime_speedup,1.7712430030871489,5.932880632646667,10.508573308726668,higher means target is faster
single_file:single_file_large_structure_mmcif_subset:9fqr:t10,single_file,single_file_large_structure_mmcif_subset,single_file_large_structure_mmcif_subset,9fqr,zsasa_bitmask_f64,zsasa bitmask f64,pdbtools_jl,PDBTools.jl,rss_reduction,3.106621651842073,2165.953125,6728.796875,higher means target uses less memory
single_file:single_file_large_structure_mmcif_subset:9fqr:t10,single_file,single_file_large_structure_mmcif_subset,single_file_large_structure_mmcif_subset,9fqr,zsasa_bitmask_f32,zsasa bitmask f32,freesasa,FreeSASA,runtime_speedup,5.356219026903875,5.405145934066667,28.95114549524,higher means target is faster
single_file:single_file_large_structure_mmcif_subset:9fqr:t10,single_file,single_file_large_structure_mmcif_subset,single_file_large_structure_mmcif_subset,9fqr,zsasa_bitmask_f32,zsasa bitmask f32,freesasa,FreeSASA,rss_reduction,9.697410705643211,2152.2916666666665,20871.65625,higher means target uses less memory
single_file:single_file_large_structure_mmcif_subset:9fqr:t10,single_file,single_file_large_structure_mmcif_subset,single_file_large_structure_mmcif_subset,9fqr,zsasa_bitmask_f32,zsasa bitmask f32,rustsasa,RustSASA,runtime_speedup,4.374888330832193,5.405145934066667,23.646909873393337,higher means target is faster
single_file:single_file_large_structure_mmcif_subset:9fqr:t10,single_file,single_file_large_structure_mmcif_subset,single_file_large_structure_mmcif_subset,9fqr,zsasa_bitmask_f32,zsasa bitmask f32,rustsasa,RustSASA,rss_reduction,3.8154607492014327,2152.2916666666665,8211.984375,higher means target uses less memory
single_file:single_file_large_structure_mmcif_subset:9fqr:t10,single_file,single_file_large_structure_mmcif_subset,single_file_large_structure_mmcif_subset,9fqr,zsasa_bitmask_f32,zsasa bitmask f32,pdbtools_jl,PDBTools.jl,runtime_speedup,1.9441793869976676,5.405145934066667,10.508573308726668,higher means target is faster
single_file:single_file_large_structure_mmcif_subset:9fqr:t10,single_file,single_file_large_structure_mmcif_subset,single_file_large_structure_mmcif_subset,9fqr,zsasa_bitmask_f32,zsasa bitmask f32,pdbtools_jl,PDBTools.jl,rss_reduction,3.126340625302488,2152.2916666666665,6728.796875,higher means target uses less memory
single_file:single_file_large_structure_mmcif_subset:AF-0000000065781219:t10,single_file,single_file_large_structure_mmcif_subset,single_file_large_structure_mmcif_subset,AF-0000000065781219,zsasa_f64,zsasa f64,rustsasa,RustSASA,runtime_speedup,2.05204846925831,0.035651980800000004,0.07315959262666667,higher means target is faster
single_file:single_file_large_structure_mmcif_subset:AF-0000000065781219:t10,single_file,single_file_large_structure_mmcif_subset,single_file_large_structure_mmcif_subset,AF-0000000065781219,zsasa_f64,zsasa f64,rustsasa,RustSASA,rss_reduction,2.6777910210568137,13.109375,35.104166666666664,higher means target uses less memory
single_file:single_file_large_structure_mmcif_subset:AF-0000000065781219:t10,single_file,single_file_large_structure_mmcif_subset,single_file_large_structure_mmcif_subset,AF-0000000065781219,zsasa_f64,zsasa f64,pdbtools_jl,PDBTools.jl,runtime_speedup,50.13114056952108,0.035651980800000004,1.7872744610666667,higher means target is faster
single_file:single_file_large_structure_mmcif_subset:AF-0000000065781219:t10,single_file,single_file_large_structure_mmcif_subset,single_file_large_structure_mmcif_subset,AF-0000000065781219,zsasa_f64,zsasa f64,pdbtools_jl,PDBTools.jl,rss_reduction,35.652761223678986,13.109375,467.3854166666667,higher means target uses less memory
single_file:single_file_large_structure_mmcif_subset:AF-0000000065781219:t10,single_file,single_file_large_structure_mmcif_subset,single_file_large_structure_mmcif_subset,AF-0000000065781219,zsasa_f32,zsasa f32,rustsasa,RustSASA,runtime_speedup,2.0316983607210664,0.03600908188000001,0.07315959262666667,higher means target is faster
single_file:single_file_large_structure_mmcif_subset:AF-0000000065781219:t10,single_file,single_file_large_structure_mmcif_subset,single_file_large_structure_mmcif_subset,AF-0000000065781219,zsasa_f32,zsasa f32,rustsasa,RustSASA,rss_reduction,2.7600327600327597,12.71875,35.104166666666664,higher means target uses less memory
single_file:single_file_large_structure_mmcif_subset:AF-0000000065781219:t10,single_file,single_file_large_structure_mmcif_subset,single_file_large_structure_mmcif_subset,AF-0000000065781219,zsasa_f32,zsasa f32,pdbtools_jl,PDBTools.jl,runtime_speedup,49.6339914197964,0.03600908188000001,1.7872744610666667,higher means target is faster
single_file:single_file_large_structure_mmcif_subset:AF-0000000065781219:t10,single_file,single_file_large_structure_mmcif_subset,single_file_large_structure_mmcif_subset,AF-0000000065781219,zsasa_f32,zsasa f32,pdbtools_jl,PDBTools.jl,rss_reduction,36.74774774774775,12.71875,467.3854166666667,higher means target uses less memory
single_file:single_file_large_structure_mmcif_subset:AF-0000000065781219:t10,single_file,single_file_large_structure_mmcif_subset,single_file_large_structure_mmcif_subset,AF-0000000065781219,zsasa_bitmask_f64,zsasa bitmask f64,rustsasa,RustSASA,runtime_speedup,1.6950746074321397,0.04316010180666666,0.07315959262666667,higher means target is faster
single_file:single_file_large_structure_mmcif_subset:AF-0000000065781219:t10,single_file,single_file_large_structure_mmcif_subset,single_file_large_structure_mmcif_subset,AF-0000000065781219,zsasa_bitmask_f64,zsasa bitmask f64,rustsasa,RustSASA,rss_reduction,2.6452119309262163,13.270833333333334,35.104166666666664,higher means target uses less memory
single_file:single_file_large_structure_mmcif_subset:AF-0000000065781219:t10,single_file,single_file_large_structure_mmcif_subset,single_file_large_structure_mmcif_subset,AF-0000000065781219,zsasa_bitmask_f64,zsasa bitmask f64,pdbtools_jl,PDBTools.jl,runtime_speedup,41.410339323865955,0.04316010180666666,1.7872744610666667,higher means target is faster
single_file:single_file_large_structure_mmcif_subset:AF-0000000065781219:t10,single_file,single_file_large_structure_mmcif_subset,single_file_large_structure_mmcif_subset,AF-0000000065781219,zsasa_bitmask_f64,zsasa bitmask f64,pdbtools_jl,PDBTools.jl,rss_reduction,35.21899529042386,13.270833333333334,467.3854166666667,higher means target uses less memory
single_file:single_file_large_structure_mmcif_subset:AF-0000000065781219:t10,single_file,single_file_large_structure_mmcif_subset,single_file_large_structure_mmcif_subset,AF-0000000065781219,zsasa_bitmask_f32,zsasa bitmask f32,rustsasa,RustSASA,runtime_speedup,1.6761387784598616,0.04364769407333333,0.07315959262666667,higher means target is faster
single_file:single_file_large_structure_mmcif_subset:AF-0000000065781219:t10,single_file,single_file_large_structure_mmcif_subset,single_file_large_structure_mmcif_subset,AF-0000000065781219,zsasa_bitmask_f32,zsasa bitmask f32,rustsasa,RustSASA,rss_reduction,2.736500203004466,12.828125,35.104166666666664,higher means target uses less memory
single_file:single_file_large_structure_mmcif_subset:AF-0000000065781219:t10,single_file,single_file_large_structure_mmcif_subset,single_file_large_structure_mmcif_subset,AF-0000000065781219,zsasa_bitmask_f32,zsasa bitmask f32,pdbtools_jl,PDBTools.jl,runtime_speedup,40.947740745795926,0.04364769407333333,1.7872744610666667,higher means target is faster
single_file:single_file_large_structure_mmcif_subset:AF-0000000065781219:t10,single_file,single_file_large_structure_mmcif_subset,single_file_large_structure_mmcif_subset,AF-0000000065781219,zsasa_bitmask_f32,zsasa bitmask f32,pdbtools_jl,PDBTools.jl,rss_reduction,36.434429557450265,12.828125,467.3854166666667,higher means target uses less memory
single_file:single_file_large_structure_mmcif_subset:AF-0000000066638622:t10,single_file,single_file_large_structure_mmcif_subset,single_file_large_structure_mmcif_subset,AF-0000000066638622,zsasa_f64,zsasa f64,rustsasa,RustSASA,runtime_speedup,1.8584255721779508,0.02381453410666667,0.04425753917333333,higher means target is faster
single_file:single_file_large_structure_mmcif_subset:AF-0000000066638622:t10,single_file,single_file_large_structure_mmcif_subset,single_file_large_structure_mmcif_subset,AF-0000000066638622,zsasa_f64,zsasa f64,rustsasa,RustSASA,rss_reduction,3.179153094462541,9.59375,30.5,higher means target uses less memory
single_file:single_file_large_structure_mmcif_subset:AF-0000000066638622:t10,single_file,single_file_large_structure_mmcif_subset,single_file_large_structure_mmcif_subset,AF-0000000066638622,zsasa_f64,zsasa f64,pdbtools_jl,PDBTools.jl,runtime_speedup,73.40392838438832,0.02381453410666667,1.7480803560733336,higher means target is faster
single_file:single_file_large_structure_mmcif_subset:AF-0000000066638622:t10,single_file,single_file_large_structure_mmcif_subset,single_file_large_structure_mmcif_subset,AF-0000000066638622,zsasa_f64,zsasa f64,pdbtools_jl,PDBTools.jl,rss_reduction,47.47014115092291,9.59375,455.4166666666667,higher means target uses less memory
single_file:single_file_large_structure_mmcif_subset:AF-0000000066638622:t10,single_file,single_file_large_structure_mmcif_subset,single_file_large_structure_mmcif_subset,AF-0000000066638622,zsasa_f32,zsasa f32,rustsasa,RustSASA,runtime_speedup,1.8104762867899131,0.024445246533333336,0.04425753917333333,higher means target is faster
single_file:single_file_large_structure_mmcif_subset:AF-0000000066638622:t10,single_file,single_file_large_structure_mmcif_subset,single_file_large_structure_mmcif_subset,AF-0000000066638622,zsasa_f32,zsasa f32,rustsasa,RustSASA,rss_reduction,3.1739837398373982,9.609375,30.5,higher means target uses less memory
single_file:single_file_large_structure_mmcif_subset:AF-0000000066638622:t10,single_file,single_file_large_structure_mmcif_subset,single_file_large_structure_mmcif_subset,AF-0000000066638622,zsasa_f32,zsasa f32,pdbtools_jl,PDBTools.jl,runtime_speedup,71.51003176383047,0.024445246533333336,1.7480803560733336,higher means target is faster
single_file:single_file_large_structure_mmcif_subset:AF-0000000066638622:t10,single_file,single_file_large_structure_mmcif_subset,single_file_large_structure_mmcif_subset,AF-0000000066638622,zsasa_f32,zsasa f32,pdbtools_jl,PDBTools.jl,rss_reduction,47.392953929539296,9.609375,455.4166666666667,higher means target uses less memory
single_file:single_file_large_structure_mmcif_subset:AF-0000000066638622:t10,single_file,single_file_large_structure_mmcif_subset,single_file_large_structure_mmcif_subset,AF-0000000066638622,zsasa_bitmask_f64,zsasa bitmask f64,rustsasa,RustSASA,runtime_speedup,1.3132517328628237,0.033700727793333336,0.04425753917333333,higher means target is faster
single_file:single_file_large_structure_mmcif_subset:AF-0000000066638622:t10,single_file,single_file_large_structure_mmcif_subset,single_file_large_structure_mmcif_subset,AF-0000000066638622,zsasa_bitmask_f64,zsasa bitmask f64,rustsasa,RustSASA,rss_reduction,2.565045992115637,11.890625,30.5,higher means target uses less memory
single_file:single_file_large_structure_mmcif_subset:AF-0000000066638622:t10,single_file,single_file_large_structure_mmcif_subset,single_file_large_structure_mmcif_subset,AF-0000000066638622,zsasa_bitmask_f64,zsasa bitmask f64,pdbtools_jl,PDBTools.jl,runtime_speedup,51.87070044282955,0.033700727793333336,1.7480803560733336,higher means target is faster
single_file:single_file_large_structure_mmcif_subset:AF-0000000066638622:t10,single_file,single_file_large_structure_mmcif_subset,single_file_large_structure_mmcif_subset,AF-0000000066638622,zsasa_bitmask_f64,zsasa bitmask f64,pdbtools_jl,PDBTools.jl,rss_reduction,38.300481822163825,11.890625,455.4166666666667,higher means target uses less memory
single_file:single_file_large_structure_mmcif_subset:AF-0000000066638622:t10,single_file,single_file_large_structure_mmcif_subset,single_file_large_structure_mmcif_subset,AF-0000000066638622,zsasa_bitmask_f32,zsasa bitmask f32,rustsasa,RustSASA,runtime_speedup,1.2732217758054973,0.034760275086666674,0.04425753917333333,higher means target is faster
single_file:single_file_large_structure_mmcif_subset:AF-0000000066638622:t10,single_file,single_file_large_structure_mmcif_subset,single_file_large_structure_mmcif_subset,AF-0000000066638622,zsasa_bitmask_f32,zsasa bitmask f32,rustsasa,RustSASA,rss_reduction,2.5516339869281044,11.953125,30.5,higher means target uses less memory
single_file:single_file_large_structure_mmcif_subset:AF-0000000066638622:t10,single_file,single_file_large_structure_mmcif_subset,single_file_large_structure_mmcif_subset,AF-0000000066638622,zsasa_bitmask_f32,zsasa bitmask f32,pdbtools_jl,PDBTools.jl,runtime_speedup,50.289600750135065,0.034760275086666674,1.7480803560733336,higher means target is faster
single_file:single_file_large_structure_mmcif_subset:AF-0000000066638622:t10,single_file,single_file_large_structure_mmcif_subset,single_file_large_structure_mmcif_subset,AF-0000000066638622,zsasa_bitmask_f32,zsasa bitmask f32,pdbtools_jl,PDBTools.jl,rss_reduction,38.10021786492375,11.953125,455.4166666666667,higher means target uses less memory
single_file:single_file_large_structure_mmcif_subset:AF-P49792-F10-model_v6:t10,single_file,single_file_large_structure_mmcif_subset,single_file_large_structure_mmcif_subset,AF-P49792-F10-model_v6,zsasa_f64,zsasa f64,freesasa,FreeSASA,runtime_speedup,1.2423797648378747,0.06016177413333334,0.07474377080000001,higher means target is faster
single_file:single_file_large_structure_mmcif_subset:AF-P49792-F10-model_v6:t10,single_file,single_file_large_structure_mmcif_subset,single_file_large_structure_mmcif_subset,AF-P49792-F10-model_v6,zsasa_f64,zsasa f64,freesasa,FreeSASA,rss_reduction,10.204780876494024,6.536458333333333,66.703125,higher means target uses less memory
single_file:single_file_large_structure_mmcif_subset:AF-P49792-F10-model_v6:t10,single_file,single_file_large_structure_mmcif_subset,single_file_large_structure_mmcif_subset,AF-P49792-F10-model_v6,zsasa_f64,zsasa f64,rustsasa,RustSASA,runtime_speedup,0.5419998571584678,0.06016177413333334,0.03260767298666667,higher means target is faster
single_file:single_file_large_structure_mmcif_subset:AF-P49792-F10-model_v6:t10,single_file,single_file_large_structure_mmcif_subset,single_file_large_structure_mmcif_subset,AF-P49792-F10-model_v6,zsasa_f64,zsasa f64,rustsasa,RustSASA,rss_reduction,4.560956175298805,6.536458333333333,29.8125,higher means target uses less memory
single_file:single_file_large_structure_mmcif_subset:AF-P49792-F10-model_v6:t10,single_file,single_file_large_structure_mmcif_subset,single_file_large_structure_mmcif_subset,AF-P49792-F10-model_v6,zsasa_f64,zsasa f64,pdbtools_jl,PDBTools.jl,runtime_speedup,31.750442961892617,0.06016177413333334,1.9101629781066667,higher means target is faster
single_file:single_file_large_structure_mmcif_subset:AF-P49792-F10-model_v6:t10,single_file,single_file_large_structure_mmcif_subset,single_file_large_structure_mmcif_subset,AF-P49792-F10-model_v6,zsasa_f64,zsasa f64,pdbtools_jl,PDBTools.jl,rss_reduction,71.21673306772908,6.536458333333333,465.5052083333333,higher means target uses less memory
single_file:single_file_large_structure_mmcif_subset:AF-P49792-F10-model_v6:t10,single_file,single_file_large_structure_mmcif_subset,single_file_large_structure_mmcif_subset,AF-P49792-F10-model_v6,zsasa_f32,zsasa f32,freesasa,FreeSASA,runtime_speedup,3.7240668834378785,0.020070469500000004,0.07474377080000001,higher means target is faster
single_file:single_file_large_structure_mmcif_subset:AF-P49792-F10-model_v6:t10,single_file,single_file_large_structure_mmcif_subset,single_file_large_structure_mmcif_subset,AF-P49792-F10-model_v6,zsasa_f32,zsasa f32,freesasa,FreeSASA,rss_reduction,10.286746987951807,6.484375,66.703125,higher means target uses less memory
single_file:single_file_large_structure_mmcif_subset:AF-P49792-F10-model_v6:t10,single_file,single_file_large_structure_mmcif_subset,single_file_large_structure_mmcif_subset,AF-P49792-F10-model_v6,zsasa_f32,zsasa f32,rustsasa,RustSASA,runtime_speedup,1.6246592032471718,0.020070469500000004,0.03260767298666667,higher means target is faster
single_file:single_file_large_structure_mmcif_subset:AF-P49792-F10-model_v6:t10,single_file,single_file_large_structure_mmcif_subset,single_file_large_structure_mmcif_subset,AF-P49792-F10-model_v6,zsasa_f32,zsasa f32,rustsasa,RustSASA,rss_reduction,4.597590361445783,6.484375,29.8125,higher means target uses less memory
single_file:single_file_large_structure_mmcif_subset:AF-P49792-F10-model_v6:t10,single_file,single_file_large_structure_mmcif_subset,single_file_large_structure_mmcif_subset,AF-P49792-F10-model_v6,zsasa_f32,zsasa f32,pdbtools_jl,PDBTools.jl,runtime_speedup,95.17280988900964,0.020070469500000004,1.9101629781066667,higher means target is faster
single_file:single_file_large_structure_mmcif_subset:AF-P49792-F10-model_v6:t10,single_file,single_file_large_structure_mmcif_subset,single_file_large_structure_mmcif_subset,AF-P49792-F10-model_v6,zsasa_f32,zsasa f32,pdbtools_jl,PDBTools.jl,rss_reduction,71.78875502008032,6.484375,465.5052083333333,higher means target uses less memory
single_file:single_file_large_structure_mmcif_subset:AF-P49792-F10-model_v6:t10,single_file,single_file_large_structure_mmcif_subset,single_file_large_structure_mmcif_subset,AF-P49792-F10-model_v6,zsasa_bitmask_f64,zsasa bitmask f64,freesasa,FreeSASA,runtime_speedup,2.4282478704471493,0.030780947740000005,0.07474377080000001,higher means target is faster
single_file:single_file_large_structure_mmcif_subset:AF-P49792-F10-model_v6:t10,single_file,single_file_large_structure_mmcif_subset,single_file_large_structure_mmcif_subset,AF-P49792-F10-model_v6,zsasa_bitmask_f64,zsasa bitmask f64,freesasa,FreeSASA,rss_reduction,7.502636203866432,8.890625,66.703125,higher means target uses less memory
single_file:single_file_large_structure_mmcif_subset:AF-P49792-F10-model_v6:t10,single_file,single_file_large_structure_mmcif_subset,single_file_large_structure_mmcif_subset,AF-P49792-F10-model_v6,zsasa_bitmask_f64,zsasa bitmask f64,rustsasa,RustSASA,runtime_speedup,1.0593459714787412,0.030780947740000005,0.03260767298666667,higher means target is faster
single_file:single_file_large_structure_mmcif_subset:AF-P49792-F10-model_v6:t10,single_file,single_file_large_structure_mmcif_subset,single_file_large_structure_mmcif_subset,AF-P49792-F10-model_v6,zsasa_bitmask_f64,zsasa bitmask f64,rustsasa,RustSASA,rss_reduction,3.353251318101933,8.890625,29.8125,higher means target uses less memory
single_file:single_file_large_structure_mmcif_subset:AF-P49792-F10-model_v6:t10,single_file,single_file_large_structure_mmcif_subset,single_file_large_structure_mmcif_subset,AF-P49792-F10-model_v6,zsasa_bitmask_f64,zsasa bitmask f64,pdbtools_jl,PDBTools.jl,runtime_speedup,62.056665514051076,0.030780947740000005,1.9101629781066667,higher means target is faster
single_file:single_file_large_structure_mmcif_subset:AF-P49792-F10-model_v6:t10,single_file,single_file_large_structure_mmcif_subset,single_file_large_structure_mmcif_subset,AF-P49792-F10-model_v6,zsasa_bitmask_f64,zsasa bitmask f64,pdbtools_jl,PDBTools.jl,rss_reduction,52.35910954891622,8.890625,465.5052083333333,higher means target uses less memory
single_file:single_file_large_structure_mmcif_subset:AF-P49792-F10-model_v6:t10,single_file,single_file_large_structure_mmcif_subset,single_file_large_structure_mmcif_subset,AF-P49792-F10-model_v6,zsasa_bitmask_f32,zsasa bitmask f32,freesasa,FreeSASA,runtime_speedup,2.3395515538312446,0.03194790500666667,0.07474377080000001,higher means target is faster
single_file:single_file_large_structure_mmcif_subset:AF-P49792-F10-model_v6:t10,single_file,single_file_large_structure_mmcif_subset,single_file_large_structure_mmcif_subset,AF-P49792-F10-model_v6,zsasa_bitmask_f32,zsasa bitmask f32,freesasa,FreeSASA,rss_reduction,7.920222634508349,8.421875,66.703125,higher means target uses less memory
single_file:single_file_large_structure_mmcif_subset:AF-P49792-F10-model_v6:t10,single_file,single_file_large_structure_mmcif_subset,single_file_large_structure_mmcif_subset,AF-P49792-F10-model_v6,zsasa_bitmask_f32,zsasa bitmask f32,rustsasa,RustSASA,runtime_speedup,1.0206513691543255,0.03194790500666667,0.03260767298666667,higher means target is faster
single_file:single_file_large_structure_mmcif_subset:AF-P49792-F10-model_v6:t10,single_file,single_file_large_structure_mmcif_subset,single_file_large_structure_mmcif_subset,AF-P49792-F10-model_v6,zsasa_bitmask_f32,zsasa bitmask f32,rustsasa,RustSASA,rss_reduction,3.5398886827458256,8.421875,29.8125,higher means target uses less memory
single_file:single_file_large_structure_mmcif_subset:AF-P49792-F10-model_v6:t10,single_file,single_file_large_structure_mmcif_subset,single_file_large_structure_mmcif_subset,AF-P49792-F10-model_v6,zsasa_bitmask_f32,zsasa bitmask f32,pdbtools_jl,PDBTools.jl,runtime_speedup,59.78992918966257,0.03194790500666667,1.9101629781066667,higher means target is faster
single_file:single_file_large_structure_mmcif_subset:AF-P49792-F10-model_v6:t10,single_file,single_file_large_structure_mmcif_subset,single_file_large_structure_mmcif_subset,AF-P49792-F10-model_v6,zsasa_bitmask_f32,zsasa bitmask f32,pdbtools_jl,PDBTools.jl,rss_reduction,55.27334570191713,8.421875,465.5052083333333,higher means target uses less memory
single_file:single_file_large_structure_mmcif_subset:AF-Q6ZS30-F1-model_v6:t10,single_file,single_file_large_structure_mmcif_subset,single_file_large_structure_mmcif_subset,AF-Q6ZS30-F1-model_v6,zsasa_f64,zsasa f64,freesasa,FreeSASA,runtime_speedup,3.2655247440156323,0.034242954846666666,0.11182121636000002,higher means target is faster
single_file:single_file_large_structure_mmcif_subset:AF-Q6ZS30-F1-model_v6:t10,single_file,single_file_large_structure_mmcif_subset,single_file_large_structure_mmcif_subset,AF-Q6ZS30-F1-model_v6,zsasa_f64,zsasa f64,freesasa,FreeSASA,rss_reduction,14.0078607523863,9.276041666666666,129.9375,higher means target uses less memory
single_file:single_file_large_structure_mmcif_subset:AF-Q6ZS30-F1-model_v6:t10,single_file,single_file_large_structure_mmcif_subset,single_file_large_structure_mmcif_subset,AF-Q6ZS30-F1-model_v6,zsasa_f64,zsasa f64,rustsasa,RustSASA,runtime_speedup,2.0452014704999684,0.034242954846666666,0.07003374160666669,higher means target is faster
single_file:single_file_large_structure_mmcif_subset:AF-Q6ZS30-F1-model_v6:t10,single_file,single_file_large_structure_mmcif_subset,single_file_large_structure_mmcif_subset,AF-Q6ZS30-F1-model_v6,zsasa_f64,zsasa f64,rustsasa,RustSASA,rss_reduction,7.309376754632229,9.276041666666666,67.80208333333333,higher means target uses less memory
single_file:single_file_large_structure_mmcif_subset:AF-Q6ZS30-F1-model_v6:t10,single_file,single_file_large_structure_mmcif_subset,single_file_large_structure_mmcif_subset,AF-Q6ZS30-F1-model_v6,zsasa_f64,zsasa f64,pdbtools_jl,PDBTools.jl,runtime_speedup,56.688295705171235,0.034242954846666666,1.9411747501666665,higher means target is faster
single_file:single_file_large_structure_mmcif_subset:AF-Q6ZS30-F1-model_v6:t10,single_file,single_file_large_structure_mmcif_subset,single_file_large_structure_mmcif_subset,AF-Q6ZS30-F1-model_v6,zsasa_f64,zsasa f64,pdbtools_jl,PDBTools.jl,rss_reduction,51.92981471083661,9.276041666666666,481.703125,higher means target uses less memory
single_file:single_file_large_structure_mmcif_subset:AF-Q6ZS30-F1-model_v6:t10,single_file,single_file_large_structure_mmcif_subset,single_file_large_structure_mmcif_subset,AF-Q6ZS30-F1-model_v6,zsasa_f32,zsasa f32,freesasa,FreeSASA,runtime_speedup,3.376789767438382,0.03311465150666667,0.11182121636000002,higher means target is faster
single_file:single_file_large_structure_mmcif_subset:AF-Q6ZS30-F1-model_v6:t10,single_file,single_file_large_structure_mmcif_subset,single_file_large_structure_mmcif_subset,AF-Q6ZS30-F1-model_v6,zsasa_f32,zsasa f32,freesasa,FreeSASA,rss_reduction,13.984304932735427,9.291666666666666,129.9375,higher means target uses less memory
single_file:single_file_large_structure_mmcif_subset:AF-Q6ZS30-F1-model_v6:t10,single_file,single_file_large_structure_mmcif_subset,single_file_large_structure_mmcif_subset,AF-Q6ZS30-F1-model_v6,zsasa_f32,zsasa f32,rustsasa,RustSASA,runtime_speedup,2.1148868679039983,0.03311465150666667,0.07003374160666669,higher means target is faster
single_file:single_file_large_structure_mmcif_subset:AF-Q6ZS30-F1-model_v6:t10,single_file,single_file_large_structure_mmcif_subset,single_file_large_structure_mmcif_subset,AF-Q6ZS30-F1-model_v6,zsasa_f32,zsasa f32,rustsasa,RustSASA,rss_reduction,7.297085201793722,9.291666666666666,67.80208333333333,higher means target uses less memory
single_file:single_file_large_structure_mmcif_subset:AF-Q6ZS30-F1-model_v6:t10,single_file,single_file_large_structure_mmcif_subset,single_file_large_structure_mmcif_subset,AF-Q6ZS30-F1-model_v6,zsasa_f32,zsasa f32,pdbtools_jl,PDBTools.jl,runtime_speedup,58.61981515269359,0.03311465150666667,1.9411747501666665,higher means target is faster
single_file:single_file_large_structure_mmcif_subset:AF-Q6ZS30-F1-model_v6:t10,single_file,single_file_large_structure_mmcif_subset,single_file_large_structure_mmcif_subset,AF-Q6ZS30-F1-model_v6,zsasa_f32,zsasa f32,pdbtools_jl,PDBTools.jl,rss_reduction,51.84248878923767,9.291666666666666,481.703125,higher means target uses less memory
single_file:single_file_large_structure_mmcif_subset:AF-Q6ZS30-F1-model_v6:t10,single_file,single_file_large_structure_mmcif_subset,single_file_large_structure_mmcif_subset,AF-Q6ZS30-F1-model_v6,zsasa_bitmask_f64,zsasa bitmask f64,freesasa,FreeSASA,runtime_speedup,2.623715314070519,0.04261941673333334,0.11182121636000002,higher means target is faster
single_file:single_file_large_structure_mmcif_subset:AF-Q6ZS30-F1-model_v6:t10,single_file,single_file_large_structure_mmcif_subset,single_file_large_structure_mmcif_subset,AF-Q6ZS30-F1-model_v6,zsasa_bitmask_f64,zsasa bitmask f64,freesasa,FreeSASA,rss_reduction,10.620689655172415,12.234375,129.9375,higher means target uses less memory
single_file:single_file_large_structure_mmcif_subset:AF-Q6ZS30-F1-model_v6:t10,single_file,single_file_large_structure_mmcif_subset,single_file_large_structure_mmcif_subset,AF-Q6ZS30-F1-model_v6,zsasa_bitmask_f64,zsasa bitmask f64,rustsasa,RustSASA,runtime_speedup,1.6432355713561926,0.04261941673333334,0.07003374160666669,higher means target is faster
single_file:single_file_large_structure_mmcif_subset:AF-Q6ZS30-F1-model_v6:t10,single_file,single_file_large_structure_mmcif_subset,single_file_large_structure_mmcif_subset,AF-Q6ZS30-F1-model_v6,zsasa_bitmask_f64,zsasa bitmask f64,rustsasa,RustSASA,rss_reduction,5.541932737335036,12.234375,67.80208333333333,higher means target uses less memory
single_file:single_file_large_structure_mmcif_subset:AF-Q6ZS30-F1-model_v6:t10,single_file,single_file_large_structure_mmcif_subset,single_file_large_structure_mmcif_subset,AF-Q6ZS30-F1-model_v6,zsasa_bitmask_f64,zsasa bitmask f64,pdbtools_jl,PDBTools.jl,runtime_speedup,45.54672257277613,0.04261941673333334,1.9411747501666665,higher means target is faster
single_file:single_file_large_structure_mmcif_subset:AF-Q6ZS30-F1-model_v6:t10,single_file,single_file_large_structure_mmcif_subset,single_file_large_structure_mmcif_subset,AF-Q6ZS30-F1-model_v6,zsasa_bitmask_f64,zsasa bitmask f64,pdbtools_jl,PDBTools.jl,rss_reduction,39.372924648786714,12.234375,481.703125,higher means target uses less memory
single_file:single_file_large_structure_mmcif_subset:AF-Q6ZS30-F1-model_v6:t10,single_file,single_file_large_structure_mmcif_subset,single_file_large_structure_mmcif_subset,AF-Q6ZS30-F1-model_v6,zsasa_bitmask_f32,zsasa bitmask f32,freesasa,FreeSASA,runtime_speedup,1.8408732935999739,0.06074357032,0.11182121636000002,higher means target is faster
single_file:single_file_large_structure_mmcif_subset:AF-Q6ZS30-F1-model_v6:t10,single_file,single_file_large_structure_mmcif_subset,single_file_large_structure_mmcif_subset,AF-Q6ZS30-F1-model_v6,zsasa_bitmask_f32,zsasa bitmask f32,freesasa,FreeSASA,rss_reduction,10.966153846153846,11.848958333333334,129.9375,higher means target uses less memory
single_file:single_file_large_structure_mmcif_subset:AF-Q6ZS30-F1-model_v6:t10,single_file,single_file_large_structure_mmcif_subset,single_file_large_structure_mmcif_subset,AF-Q6ZS30-F1-model_v6,zsasa_bitmask_f32,zsasa bitmask f32,rustsasa,RustSASA,runtime_speedup,1.1529408172375384,0.06074357032,0.07003374160666669,higher means target is faster
single_file:single_file_large_structure_mmcif_subset:AF-Q6ZS30-F1-model_v6:t10,single_file,single_file_large_structure_mmcif_subset,single_file_large_structure_mmcif_subset,AF-Q6ZS30-F1-model_v6,zsasa_bitmask_f32,zsasa bitmask f32,rustsasa,RustSASA,rss_reduction,5.722197802197802,11.848958333333334,67.80208333333333,higher means target uses less memory
single_file:single_file_large_structure_mmcif_subset:AF-Q6ZS30-F1-model_v6:t10,single_file,single_file_large_structure_mmcif_subset,single_file_large_structure_mmcif_subset,AF-Q6ZS30-F1-model_v6,zsasa_bitmask_f32,zsasa bitmask f32,pdbtools_jl,PDBTools.jl,runtime_speedup,31.956876093065752,0.06074357032,1.9411747501666665,higher means target is faster
single_file:single_file_large_structure_mmcif_subset:AF-Q6ZS30-F1-model_v6:t10,single_file,single_file_large_structure_mmcif_subset,single_file_large_structure_mmcif_subset,AF-Q6ZS30-F1-model_v6,zsasa_bitmask_f32,zsasa bitmask f32,pdbtools_jl,PDBTools.jl,rss_reduction,40.65362637362637,11.848958333333334,481.703125,higher means target uses less memory
single_file:single_file_large_structure_subset:3jc8:t10,single_file,single_file_large_structure_subset,single_file_large_structure_subset,3jc8,zsasa_f64,zsasa f64,freesasa,FreeSASA,runtime_speedup,2.724256474516983,0.08415057958666668,0.22924776127333335,higher means target is faster
single_file:single_file_large_structure_subset:3jc8:t10,single_file,single_file_large_structure_subset,single_file_large_structure_subset,3jc8,zsasa_f64,zsasa f64,freesasa,FreeSASA,rss_reduction,11.172849250197316,39.59375,442.375,higher means target uses less memory
single_file:single_file_large_structure_subset:3jc8:t10,single_file,single_file_large_structure_subset,single_file_large_structure_subset,3jc8,zsasa_f64,zsasa f64,rustsasa,RustSASA,runtime_speedup,1.797481992910319,0.08415057958666668,0.15125915150000002,higher means target is faster
single_file:single_file_large_structure_subset:3jc8:t10,single_file,single_file_large_structure_subset,single_file_large_structure_subset,3jc8,zsasa_f64,zsasa f64,rustsasa,RustSASA,rss_reduction,3.3560905024993426,39.59375,132.88020833333334,higher means target uses less memory
single_file:single_file_large_structure_subset:3jc8:t10,single_file,single_file_large_structure_subset,single_file_large_structure_subset,3jc8,zsasa_f64,zsasa f64,pdbtools_jl,PDBTools.jl,runtime_speedup,19.325049343779767,0.08415057958666668,1.62621410282,higher means target is faster
single_file:single_file_large_structure_subset:3jc8:t10,single_file,single_file_large_structure_subset,single_file_large_structure_subset,3jc8,zsasa_f64,zsasa f64,pdbtools_jl,PDBTools.jl,rss_reduction,15.815048671402263,39.59375,626.1770833333334,higher means target uses less memory
single_file:single_file_large_structure_subset:3jc8:t10,single_file,single_file_large_structure_subset,single_file_large_structure_subset,3jc8,zsasa_f32,zsasa f32,freesasa,FreeSASA,runtime_speedup,2.737182923482421,0.08375317532,0.22924776127333335,higher means target is faster
single_file:single_file_large_structure_subset:3jc8:t10,single_file,single_file_large_structure_subset,single_file_large_structure_subset,3jc8,zsasa_f32,zsasa f32,freesasa,FreeSASA,rss_reduction,10.960898180410375,40.359375,442.375,higher means target uses less memory
single_file:single_file_large_structure_subset:3jc8:t10,single_file,single_file_large_structure_subset,single_file_large_structure_subset,3jc8,zsasa_f32,zsasa f32,rustsasa,RustSASA,runtime_speedup,1.8060109473112693,0.08375317532,0.15125915150000002,higher means target is faster
single_file:single_file_large_structure_subset:3jc8:t10,single_file,single_file_large_structure_subset,single_file_large_structure_subset,3jc8,zsasa_f32,zsasa f32,rustsasa,RustSASA,rss_reduction,3.292424829010195,40.359375,132.88020833333334,higher means target uses less memory
single_file:single_file_large_structure_subset:3jc8:t10,single_file,single_file_large_structure_subset,single_file_large_structure_subset,3jc8,zsasa_f32,zsasa f32,pdbtools_jl,PDBTools.jl,runtime_speedup,19.41674565300529,0.08375317532,1.62621410282,higher means target is faster
single_file:single_file_large_structure_subset:3jc8:t10,single_file,single_file_large_structure_subset,single_file_large_structure_subset,3jc8,zsasa_f32,zsasa f32,pdbtools_jl,PDBTools.jl,rss_reduction,15.515034197961029,40.359375,626.1770833333334,higher means target uses less memory
single_file:single_file_large_structure_subset:3jc8:t10,single_file,single_file_large_structure_subset,single_file_large_structure_subset,3jc8,zsasa_bitmask_f64,zsasa bitmask f64,freesasa,FreeSASA,runtime_speedup,2.9522340107957876,0.07765230006666667,0.22924776127333335,higher means target is faster
single_file:single_file_large_structure_subset:3jc8:t10,single_file,single_file_large_structure_subset,single_file_large_structure_subset,3jc8,zsasa_bitmask_f64,zsasa bitmask f64,freesasa,FreeSASA,rss_reduction,10.150095602294455,43.583333333333336,442.375,higher means target uses less memory
single_file:single_file_large_structure_subset:3jc8:t10,single_file,single_file_large_structure_subset,single_file_large_structure_subset,3jc8,zsasa_bitmask_f64,zsasa bitmask f64,rustsasa,RustSASA,runtime_speedup,1.9479030417661785,0.07765230006666667,0.15125915150000002,higher means target is faster
single_file:single_file_large_structure_subset:3jc8:t10,single_file,single_file_large_structure_subset,single_file_large_structure_subset,3jc8,zsasa_bitmask_f64,zsasa bitmask f64,rustsasa,RustSASA,rss_reduction,3.048876673040153,43.583333333333336,132.88020833333334,higher means target uses less memory
single_file:single_file_large_structure_subset:3jc8:t10,single_file,single_file_large_structure_subset,single_file_large_structure_subset,3jc8,zsasa_bitmask_f64,zsasa bitmask f64,pdbtools_jl,PDBTools.jl,runtime_speedup,20.94225285566364,0.07765230006666667,1.62621410282,higher means target is faster
single_file:single_file_large_structure_subset:3jc8:t10,single_file,single_file_large_structure_subset,single_file_large_structure_subset,3jc8,zsasa_bitmask_f64,zsasa bitmask f64,pdbtools_jl,PDBTools.jl,rss_reduction,14.367351816443595,43.583333333333336,626.1770833333334,higher means target uses less memory
single_file:single_file_large_structure_subset:3jc8:t10,single_file,single_file_large_structure_subset,single_file_large_structure_subset,3jc8,zsasa_bitmask_f32,zsasa bitmask f32,freesasa,FreeSASA,runtime_speedup,2.963693461644074,0.0773520488,0.22924776127333335,higher means target is faster
single_file:single_file_large_structure_subset:3jc8:t10,single_file,single_file_large_structure_subset,single_file_large_structure_subset,3jc8,zsasa_bitmask_f32,zsasa bitmask f32,freesasa,FreeSASA,rss_reduction,10.948182521268368,40.40625,442.375,higher means target uses less memory
single_file:single_file_large_structure_subset:3jc8:t10,single_file,single_file_large_structure_subset,single_file_large_structure_subset,3jc8,zsasa_bitmask_f32,zsasa bitmask f32,rustsasa,RustSASA,runtime_speedup,1.9554640613475258,0.0773520488,0.15125915150000002,higher means target is faster
single_file:single_file_large_structure_subset:3jc8:t10,single_file,single_file_large_structure_subset,single_file_large_structure_subset,3jc8,zsasa_bitmask_f32,zsasa bitmask f32,rustsasa,RustSASA,rss_reduction,3.2886053106470743,40.40625,132.88020833333334,higher means target uses less memory
single_file:single_file_large_structure_subset:3jc8:t10,single_file,single_file_large_structure_subset,single_file_large_structure_subset,3jc8,zsasa_bitmask_f32,zsasa bitmask f32,pdbtools_jl,PDBTools.jl,runtime_speedup,21.023542725089396,0.0773520488,1.62621410282,higher means target is faster
single_file:single_file_large_structure_subset:3jc8:t10,single_file,single_file_large_structure_subset,single_file_large_structure_subset,3jc8,zsasa_bitmask_f32,zsasa bitmask f32,pdbtools_jl,PDBTools.jl,rss_reduction,15.497035318381027,40.40625,626.1770833333334,higher means target uses less memory
single_file:single_file_large_structure_subset:5vyc:t10,single_file,single_file_large_structure_subset,single_file_large_structure_subset,5vyc,zsasa_f64,zsasa f64,freesasa,FreeSASA,runtime_speedup,2.2327961156794474,0.2429351318066667,0.54242461866,higher means target is faster
single_file:single_file_large_structure_subset:5vyc:t10,single_file,single_file_large_structure_subset,single_file_large_structure_subset,5vyc,zsasa_f64,zsasa f64,freesasa,FreeSASA,rss_reduction,10.006009739923323,100.53125,1005.9166666666666,higher means target uses less memory
single_file:single_file_large_structure_subset:5vyc:t10,single_file,single_file_large_structure_subset,single_file_large_structure_subset,5vyc,zsasa_f64,zsasa f64,rustsasa,RustSASA,runtime_speedup,54.69004316041071,0.2429351318066667,13.286132843686667,higher means target is faster
single_file:single_file_large_structure_subset:5vyc:t10,single_file,single_file_large_structure_subset,single_file_large_structure_subset,5vyc,zsasa_f64,zsasa f64,rustsasa,RustSASA,rss_reduction,2.8913584084550825,100.53125,290.671875,higher means target uses less memory
single_file:single_file_large_structure_subset:5vyc:t10,single_file,single_file_large_structure_subset,single_file_large_structure_subset,5vyc,zsasa_f64,zsasa f64,pdbtools_jl,PDBTools.jl,runtime_speedup,8.720515917417684,0.2429351318066667,2.11851968382,higher means target is faster
single_file:single_file_large_structure_subset:5vyc:t10,single_file,single_file_large_structure_subset,single_file_large_structure_subset,5vyc,zsasa_f64,zsasa f64,pdbtools_jl,PDBTools.jl,rss_reduction,7.925240907677961,100.53125,796.734375,higher means target uses less memory
single_file:single_file_large_structure_subset:5vyc:t10,single_file,single_file_large_structure_subset,single_file_large_structure_subset,5vyc,zsasa_f32,zsasa f32,freesasa,FreeSASA,runtime_speedup,2.241709123433915,0.2419692247266667,0.54242461866,higher means target is faster
single_file:single_file_large_structure_subset:5vyc:t10,single_file,single_file_large_structure_subset,single_file_large_structure_subset,5vyc,zsasa_f32,zsasa f32,freesasa,FreeSASA,rss_reduction,10.719058719058719,93.84375,1005.9166666666666,higher means target uses less memory
single_file:single_file_large_structure_subset:5vyc:t10,single_file,single_file_large_structure_subset,single_file_large_structure_subset,5vyc,zsasa_f32,zsasa f32,rustsasa,RustSASA,runtime_speedup,54.908358113288784,0.2419692247266667,13.286132843686667,higher means target is faster
single_file:single_file_large_structure_subset:5vyc:t10,single_file,single_file_large_structure_subset,single_file_large_structure_subset,5vyc,zsasa_f32,zsasa f32,rustsasa,RustSASA,rss_reduction,3.0974025974025974,93.84375,290.671875,higher means target uses less memory
single_file:single_file_large_structure_subset:5vyc:t10,single_file,single_file_large_structure_subset,single_file_large_structure_subset,5vyc,zsasa_f32,zsasa f32,pdbtools_jl,PDBTools.jl,runtime_speedup,8.755326989261228,0.2419692247266667,2.11851968382,higher means target is faster
single_file:single_file_large_structure_subset:5vyc:t10,single_file,single_file_large_structure_subset,single_file_large_structure_subset,5vyc,zsasa_f32,zsasa f32,pdbtools_jl,PDBTools.jl,rss_reduction,8.49000999000999,93.84375,796.734375,higher means target uses less memory
single_file:single_file_large_structure_subset:5vyc:t10,single_file,single_file_large_structure_subset,single_file_large_structure_subset,5vyc,zsasa_bitmask_f64,zsasa bitmask f64,freesasa,FreeSASA,runtime_speedup,2.647132528597159,0.2049102615,0.54242461866,higher means target is faster
single_file:single_file_large_structure_subset:5vyc:t10,single_file,single_file_large_structure_subset,single_file_large_structure_subset,5vyc,zsasa_bitmask_f64,zsasa bitmask f64,freesasa,FreeSASA,rss_reduction,10.218835978835978,98.4375,1005.9166666666666,higher means target uses less memory
single_file:single_file_large_structure_subset:5vyc:t10,single_file,single_file_large_structure_subset,single_file_large_structure_subset,5vyc,zsasa_bitmask_f64,zsasa bitmask f64,rustsasa,RustSASA,runtime_speedup,64.83878721557664,0.2049102615,13.286132843686667,higher means target is faster
single_file:single_file_large_structure_subset:5vyc:t10,single_file,single_file_large_structure_subset,single_file_large_structure_subset,5vyc,zsasa_bitmask_f64,zsasa bitmask f64,rustsasa,RustSASA,rss_reduction,2.952857142857143,98.4375,290.671875,higher means target uses less memory
single_file:single_file_large_structure_subset:5vyc:t10,single_file,single_file_large_structure_subset,single_file_large_structure_subset,5vyc,zsasa_bitmask_f64,zsasa bitmask f64,pdbtools_jl,PDBTools.jl,runtime_speedup,10.338768143244014,0.2049102615,2.11851968382,higher means target is faster
single_file:single_file_large_structure_subset:5vyc:t10,single_file,single_file_large_structure_subset,single_file_large_structure_subset,5vyc,zsasa_bitmask_f64,zsasa bitmask f64,pdbtools_jl,PDBTools.jl,rss_reduction,8.093809523809524,98.4375,796.734375,higher means target uses less memory
single_file:single_file_large_structure_subset:5vyc:t10,single_file,single_file_large_structure_subset,single_file_large_structure_subset,5vyc,zsasa_bitmask_f32,zsasa bitmask f32,freesasa,FreeSASA,runtime_speedup,2.6671354780312604,0.20337347807333336,0.54242461866,higher means target is faster
single_file:single_file_large_structure_subset:5vyc:t10,single_file,single_file_large_structure_subset,single_file_large_structure_subset,5vyc,zsasa_bitmask_f32,zsasa bitmask f32,freesasa,FreeSASA,rss_reduction,10.616534740545294,94.75,1005.9166666666666,higher means target uses less memory
single_file:single_file_large_structure_subset:5vyc:t10,single_file,single_file_large_structure_subset,single_file_large_structure_subset,5vyc,zsasa_bitmask_f32,zsasa bitmask f32,rustsasa,RustSASA,runtime_speedup,65.32873887762244,0.20337347807333336,13.286132843686667,higher means target is faster
single_file:single_file_large_structure_subset:5vyc:t10,single_file,single_file_large_structure_subset,single_file_large_structure_subset,5vyc,zsasa_bitmask_f32,zsasa bitmask f32,rustsasa,RustSASA,rss_reduction,3.067777044854881,94.75,290.671875,higher means target uses less memory
single_file:single_file_large_structure_subset:5vyc:t10,single_file,single_file_large_structure_subset,single_file_large_structure_subset,5vyc,zsasa_bitmask_f32,zsasa bitmask f32,pdbtools_jl,PDBTools.jl,runtime_speedup,10.416892624790016,0.20337347807333336,2.11851968382,higher means target is faster
single_file:single_file_large_structure_subset:5vyc:t10,single_file,single_file_large_structure_subset,single_file_large_structure_subset,5vyc,zsasa_bitmask_f32,zsasa bitmask f32,pdbtools_jl,PDBTools.jl,rss_reduction,8.408806068601583,94.75,796.734375,higher means target uses less memory
single_file:single_file_large_structure_subset:8rbs:t10,single_file,single_file_large_structure_subset,single_file_large_structure_subset,8rbs,zsasa_f64,zsasa f64,freesasa,FreeSASA,runtime_speedup,112.83594268746145,0.12410310014000002,14.003290294733333,higher means target is faster
single_file:single_file_large_structure_subset:8rbs:t10,single_file,single_file_large_structure_subset,single_file_large_structure_subset,8rbs,zsasa_f64,zsasa f64,freesasa,FreeSASA,rss_reduction,473.58257437765633,51.46875,24374.703125,higher means target uses less memory
single_file:single_file_large_structure_subset:8rbs:t10,single_file,single_file_large_structure_subset,single_file_large_structure_subset,8rbs,zsasa_f64,zsasa f64,rustsasa,RustSASA,runtime_speedup,1.8475323627533247,0.12410310014000002,0.22928449382666669,higher means target is faster
single_file:single_file_large_structure_subset:8rbs:t10,single_file,single_file_large_structure_subset,single_file_large_structure_subset,8rbs,zsasa_f64,zsasa f64,rustsasa,RustSASA,rss_reduction,3.8327261687917424,51.46875,197.265625,higher means target uses less memory
single_file:single_file_large_structure_subset:8rbs:t10,single_file,single_file_large_structure_subset,single_file_large_structure_subset,8rbs,zsasa_f64,zsasa f64,pdbtools_jl,PDBTools.jl,runtime_speedup,14.236002116092395,0.12410310014000002,1.7667319962066668,higher means target is faster
single_file:single_file_large_structure_subset:8rbs:t10,single_file,single_file_large_structure_subset,single_file_large_structure_subset,8rbs,zsasa_f64,zsasa f64,pdbtools_jl,PDBTools.jl,rss_reduction,13.10139647844566,51.46875,674.3125,higher means target uses less memory
single_file:single_file_large_structure_subset:8rbs:t10,single_file,single_file_large_structure_subset,single_file_large_structure_subset,8rbs,zsasa_f32,zsasa f32,freesasa,FreeSASA,runtime_speedup,113.53702748607697,0.12333677043333334,14.003290294733333,higher means target is faster
single_file:single_file_large_structure_subset:8rbs:t10,single_file,single_file_large_structure_subset,single_file_large_structure_subset,8rbs,zsasa_f32,zsasa f32,freesasa,FreeSASA,rss_reduction,457.20427901524033,53.3125,24374.703125,higher means target uses less memory
single_file:single_file_large_structure_subset:8rbs:t10,single_file,single_file_large_structure_subset,single_file_large_structure_subset,8rbs,zsasa_f32,zsasa f32,rustsasa,RustSASA,runtime_speedup,1.8590116558192253,0.12333677043333334,0.22928449382666669,higher means target is faster
single_file:single_file_large_structure_subset:8rbs:t10,single_file,single_file_large_structure_subset,single_file_large_structure_subset,8rbs,zsasa_f32,zsasa f32,rustsasa,RustSASA,rss_reduction,3.7001758499413833,53.3125,197.265625,higher means target uses less memory
single_file:single_file_large_structure_subset:8rbs:t10,single_file,single_file_large_structure_subset,single_file_large_structure_subset,8rbs,zsasa_f32,zsasa f32,pdbtools_jl,PDBTools.jl,runtime_speedup,14.324454823970198,0.12333677043333334,1.7667319962066668,higher means target is faster
single_file:single_file_large_structure_subset:8rbs:t10,single_file,single_file_large_structure_subset,single_file_large_structure_subset,8rbs,zsasa_f32,zsasa f32,pdbtools_jl,PDBTools.jl,rss_reduction,12.648300117233294,53.3125,674.3125,higher means target uses less memory
single_file:single_file_large_structure_subset:8rbs:t10,single_file,single_file_large_structure_subset,single_file_large_structure_subset,8rbs,zsasa_bitmask_f64,zsasa bitmask f64,freesasa,FreeSASA,runtime_speedup,128.37961807100868,0.10907720793333335,14.003290294733333,higher means target is faster
single_file:single_file_large_structure_subset:8rbs:t10,single_file,single_file_large_structure_subset,single_file_large_structure_subset,8rbs,zsasa_bitmask_f64,zsasa bitmask f64,freesasa,FreeSASA,rss_reduction,419.91413189771197,58.046875,24374.703125,higher means target uses less memory
single_file:single_file_large_structure_subset:8rbs:t10,single_file,single_file_large_structure_subset,single_file_large_structure_subset,8rbs,zsasa_bitmask_f64,zsasa bitmask f64,rustsasa,RustSASA,runtime_speedup,2.102038530054808,0.10907720793333335,0.22928449382666669,higher means target is faster
single_file:single_file_large_structure_subset:8rbs:t10,single_file,single_file_large_structure_subset,single_file_large_structure_subset,8rbs,zsasa_bitmask_f64,zsasa bitmask f64,rustsasa,RustSASA,rss_reduction,3.398384925975774,58.046875,197.265625,higher means target uses less memory
single_file:single_file_large_structure_subset:8rbs:t10,single_file,single_file_large_structure_subset,single_file_large_structure_subset,8rbs,zsasa_bitmask_f64,zsasa bitmask f64,pdbtools_jl,PDBTools.jl,runtime_speedup,16.197077553419515,0.10907720793333335,1.7667319962066668,higher means target is faster
single_file:single_file_large_structure_subset:8rbs:t10,single_file,single_file_large_structure_subset,single_file_large_structure_subset,8rbs,zsasa_bitmask_f64,zsasa bitmask f64,pdbtools_jl,PDBTools.jl,rss_reduction,11.616689098250337,58.046875,674.3125,higher means target uses less memory
single_file:single_file_large_structure_subset:8rbs:t10,single_file,single_file_large_structure_subset,single_file_large_structure_subset,8rbs,zsasa_bitmask_f32,zsasa bitmask f32,freesasa,FreeSASA,runtime_speedup,129.93900516917242,0.10776818151333334,14.003290294733333,higher means target is faster
single_file:single_file_large_structure_subset:8rbs:t10,single_file,single_file_large_structure_subset,single_file_large_structure_subset,8rbs,zsasa_bitmask_f32,zsasa bitmask f32,freesasa,FreeSASA,rss_reduction,457.5618889323426,53.270833333333336,24374.703125,higher means target uses less memory
single_file:single_file_large_structure_subset:8rbs:t10,single_file,single_file_large_structure_subset,single_file_large_structure_subset,8rbs,zsasa_bitmask_f32,zsasa bitmask f32,rustsasa,RustSASA,runtime_speedup,2.1275713351282546,0.10776818151333334,0.22928449382666669,higher means target is faster
single_file:single_file_large_structure_subset:8rbs:t10,single_file,single_file_large_structure_subset,single_file_large_structure_subset,8rbs,zsasa_bitmask_f32,zsasa bitmask f32,rustsasa,RustSASA,rss_reduction,3.703070003910833,53.270833333333336,197.265625,higher means target uses less memory
single_file:single_file_large_structure_subset:8rbs:t10,single_file,single_file_large_structure_subset,single_file_large_structure_subset,8rbs,zsasa_bitmask_f32,zsasa bitmask f32,pdbtools_jl,PDBTools.jl,runtime_speedup,16.393818392380336,0.10776818151333334,1.7667319962066668,higher means target is faster
single_file:single_file_large_structure_subset:8rbs:t10,single_file,single_file_large_structure_subset,single_file_large_structure_subset,8rbs,zsasa_bitmask_f32,zsasa bitmask f32,pdbtools_jl,PDBTools.jl,rss_reduction,12.658193195150567,53.270833333333336,674.3125,higher means target uses less memory
single_file:single_file_large_structure_subset:9fqr:t10,single_file,single_file_large_structure_subset,single_file_large_structure_subset,9fqr,zsasa_f64,zsasa f64,freesasa,FreeSASA,runtime_speedup,41.309403244709856,4.82868812724,199.47022499110003,higher means target is faster
single_file:single_file_large_structure_subset:9fqr:t10,single_file,single_file_large_structure_subset,single_file_large_structure_subset,9fqr,zsasa_f64,zsasa f64,freesasa,FreeSASA,rss_reduction,11.455495629351402,2131.2864583333335,24414.942708333332,higher means target uses less memory
single_file:single_file_large_structure_subset:9fqr:t10,single_file,single_file_large_structure_subset,single_file_large_structure_subset,9fqr,zsasa_f64,zsasa f64,rustsasa,RustSASA,runtime_speedup,1.7991227760970028,4.82868812724,8.687402788386667,higher means target is faster
single_file:single_file_large_structure_subset:9fqr:t10,single_file,single_file_large_structure_subset,single_file_large_structure_subset,9fqr,zsasa_f64,zsasa f64,rustsasa,RustSASA,rss_reduction,2.393580754972422,2131.2864583333335,5101.40625,higher means target uses less memory
single_file:single_file_large_structure_subset:9fqr:t10,single_file,single_file_large_structure_subset,single_file_large_structure_subset,9fqr,zsasa_f64,zsasa f64,pdbtools_jl,PDBTools.jl,runtime_speedup,2.4460903465564137,4.82868812724,11.811407414573333,higher means target is faster
single_file:single_file_large_structure_subset:9fqr:t10,single_file,single_file_large_structure_subset,single_file_large_structure_subset,9fqr,zsasa_f64,zsasa f64,pdbtools_jl,PDBTools.jl,rss_reduction,3.174307868633723,2131.2864583333335,6765.359375,higher means target uses less memory
single_file:single_file_large_structure_subset:9fqr:t10,single_file,single_file_large_structure_subset,single_file_large_structure_subset,9fqr,zsasa_f32,zsasa f32,freesasa,FreeSASA,runtime_speedup,41.70347204463638,4.7830603835000005,199.47022499110003,higher means target is faster
single_file:single_file_large_structure_subset:9fqr:t10,single_file,single_file_large_structure_subset,single_file_large_structure_subset,9fqr,zsasa_f32,zsasa f32,freesasa,FreeSASA,rss_reduction,11.343174619306536,2152.390625,24414.942708333332,higher means target uses less memory
single_file:single_file_large_structure_subset:9fqr:t10,single_file,single_file_large_structure_subset,single_file_large_structure_subset,9fqr,zsasa_f32,zsasa f32,rustsasa,RustSASA,runtime_speedup,1.8162854097254082,4.7830603835000005,8.687402788386667,higher means target is faster
single_file:single_file_large_structure_subset:9fqr:t10,single_file,single_file_large_structure_subset,single_file_large_structure_subset,9fqr,zsasa_f32,zsasa f32,rustsasa,RustSASA,rss_reduction,2.3701117217047907,2152.390625,5101.40625,higher means target uses less memory
single_file:single_file_large_structure_subset:9fqr:t10,single_file,single_file_large_structure_subset,single_file_large_structure_subset,9fqr,zsasa_f32,zsasa f32,pdbtools_jl,PDBTools.jl,runtime_speedup,2.469424692048388,4.7830603835000005,11.811407414573333,higher means target is faster
single_file:single_file_large_structure_subset:9fqr:t10,single_file,single_file_large_structure_subset,single_file_large_structure_subset,9fqr,zsasa_f32,zsasa f32,pdbtools_jl,PDBTools.jl,rss_reduction,3.143183814508577,2152.390625,6765.359375,higher means target uses less memory
single_file:single_file_large_structure_subset:9fqr:t10,single_file,single_file_large_structure_subset,single_file_large_structure_subset,9fqr,zsasa_bitmask_f64,zsasa bitmask f64,freesasa,FreeSASA,runtime_speedup,50.65369037049301,3.9379208806333335,199.47022499110003,higher means target is faster
single_file:single_file_large_structure_subset:9fqr:t10,single_file,single_file_large_structure_subset,single_file_large_structure_subset,9fqr,zsasa_bitmask_f64,zsasa bitmask f64,freesasa,FreeSASA,rss_reduction,11.272770777222007,2165.8333333333335,24414.942708333332,higher means target uses less memory
single_file:single_file_large_structure_subset:9fqr:t10,single_file,single_file_large_structure_subset,single_file_large_structure_subset,9fqr,zsasa_bitmask_f64,zsasa bitmask f64,rustsasa,RustSASA,runtime_speedup,2.206088708158473,3.9379208806333335,8.687402788386667,higher means target is faster
single_file:single_file_large_structure_subset:9fqr:t10,single_file,single_file_large_structure_subset,single_file_large_structure_subset,9fqr,zsasa_bitmask_f64,zsasa bitmask f64,rustsasa,RustSASA,rss_reduction,2.355401115813774,2165.8333333333335,5101.40625,higher means target uses less memory
single_file:single_file_large_structure_subset:9fqr:t10,single_file,single_file_large_structure_subset,single_file_large_structure_subset,9fqr,zsasa_bitmask_f64,zsasa bitmask f64,pdbtools_jl,PDBTools.jl,runtime_speedup,2.9994019109580767,3.9379208806333335,11.811407414573333,higher means target is faster
single_file:single_file_large_structure_subset:9fqr:t10,single_file,single_file_large_structure_subset,single_file_large_structure_subset,9fqr,zsasa_bitmask_f64,zsasa bitmask f64,pdbtools_jl,PDBTools.jl,rss_reduction,3.123674971142747,2165.8333333333335,6765.359375,higher means target uses less memory
single_file:single_file_large_structure_subset:9fqr:t10,single_file,single_file_large_structure_subset,single_file_large_structure_subset,9fqr,zsasa_bitmask_f32,zsasa bitmask f32,freesasa,FreeSASA,runtime_speedup,50.94608396401077,3.9153200691933336,199.47022499110003,higher means target is faster
single_file:single_file_large_structure_subset:9fqr:t10,single_file,single_file_large_structure_subset,single_file_large_structure_subset,9fqr,zsasa_bitmask_f32,zsasa bitmask f32,freesasa,FreeSASA,rss_reduction,10.355667632056235,2357.640625,24414.942708333332,higher means target uses less memory
single_file:single_file_large_structure_subset:9fqr:t10,single_file,single_file_large_structure_subset,single_file_large_structure_subset,9fqr,zsasa_bitmask_f32,zsasa bitmask f32,rustsasa,RustSASA,runtime_speedup,2.218823144687764,3.9153200691933336,8.687402788386667,higher means target is faster
single_file:single_file_large_structure_subset:9fqr:t10,single_file,single_file_large_structure_subset,single_file_large_structure_subset,9fqr,zsasa_bitmask_f32,zsasa bitmask f32,rustsasa,RustSASA,rss_reduction,2.16377602078349,2357.640625,5101.40625,higher means target uses less memory
single_file:single_file_large_structure_subset:9fqr:t10,single_file,single_file_large_structure_subset,single_file_large_structure_subset,9fqr,zsasa_bitmask_f32,zsasa bitmask f32,pdbtools_jl,PDBTools.jl,runtime_speedup,3.0167156722405113,3.9153200691933336,11.811407414573333,higher means target is faster
single_file:single_file_large_structure_subset:9fqr:t10,single_file,single_file_large_structure_subset,single_file_large_structure_subset,9fqr,zsasa_bitmask_f32,zsasa bitmask f32,pdbtools_jl,PDBTools.jl,rss_reduction,2.8695464878155463,2357.640625,6765.359375,higher means target uses less memory
single_file:single_file_large_structure_subset:AF-0000000065781219:t10,single_file,single_file_large_structure_subset,single_file_large_structure_subset,AF-0000000065781219,zsasa_f64,zsasa f64,freesasa,FreeSASA,runtime_speedup,1.692557100918897,0.03286279105333333,0.05562215035333334,higher means target is faster
single_file:single_file_large_structure_subset:AF-0000000065781219:t10,single_file,single_file_large_structure_subset,single_file_large_structure_subset,AF-0000000065781219,zsasa_f64,zsasa f64,freesasa,FreeSASA,rss_reduction,7.249716231555051,13.765625,99.796875,higher means target uses less memory
single_file:single_file_large_structure_subset:AF-0000000065781219:t10,single_file,single_file_large_structure_subset,single_file_large_structure_subset,AF-0000000065781219,zsasa_f64,zsasa f64,rustsasa,RustSASA,runtime_speedup,1.4528027978263882,0.03286279105333333,0.047743154786666665,higher means target is faster
single_file:single_file_large_structure_subset:AF-0000000065781219:t10,single_file,single_file_large_structure_subset,single_file_large_structure_subset,AF-0000000065781219,zsasa_f64,zsasa f64,rustsasa,RustSASA,rss_reduction,2.3189557321225878,13.765625,31.921875,higher means target uses less memory
single_file:single_file_large_structure_subset:AF-0000000065781219:t10,single_file,single_file_large_structure_subset,single_file_large_structure_subset,AF-0000000065781219,zsasa_f64,zsasa f64,pdbtools_jl,PDBTools.jl,runtime_speedup,42.77869619428053,0.03286279105333333,1.4058273545666669,higher means target is faster
single_file:single_file_large_structure_subset:AF-0000000065781219:t10,single_file,single_file_large_structure_subset,single_file_large_structure_subset,AF-0000000065781219,zsasa_f64,zsasa f64,pdbtools_jl,PDBTools.jl,rss_reduction,33.2372304199773,13.765625,457.53125,higher means target uses less memory
single_file:single_file_large_structure_subset:AF-0000000065781219:t10,single_file,single_file_large_structure_subset,single_file_large_structure_subset,AF-0000000065781219,zsasa_f32,zsasa f32,freesasa,FreeSASA,runtime_speedup,1.7220446212862766,0.032300063346666665,0.05562215035333334,higher means target is faster
single_file:single_file_large_structure_subset:AF-0000000065781219:t10,single_file,single_file_large_structure_subset,single_file_large_structure_subset,AF-0000000065781219,zsasa_f32,zsasa f32,freesasa,FreeSASA,rss_reduction,7.461448598130841,13.375,99.796875,higher means target uses less memory
single_file:single_file_large_structure_subset:AF-0000000065781219:t10,single_file,single_file_large_structure_subset,single_file_large_structure_subset,AF-0000000065781219,zsasa_f32,zsasa f32,rustsasa,RustSASA,runtime_speedup,1.4781133483935942,0.032300063346666665,0.047743154786666665,higher means target is faster
single_file:single_file_large_structure_subset:AF-0000000065781219:t10,single_file,single_file_large_structure_subset,single_file_large_structure_subset,AF-0000000065781219,zsasa_f32,zsasa f32,rustsasa,RustSASA,rss_reduction,2.3866822429906542,13.375,31.921875,higher means target uses less memory
single_file:single_file_large_structure_subset:AF-0000000065781219:t10,single_file,single_file_large_structure_subset,single_file_large_structure_subset,AF-0000000065781219,zsasa_f32,zsasa f32,pdbtools_jl,PDBTools.jl,runtime_speedup,43.52398134574392,0.032300063346666665,1.4058273545666669,higher means target is faster
single_file:single_file_large_structure_subset:AF-0000000065781219:t10,single_file,single_file_large_structure_subset,single_file_large_structure_subset,AF-0000000065781219,zsasa_f32,zsasa f32,pdbtools_jl,PDBTools.jl,rss_reduction,34.20794392523364,13.375,457.53125,higher means target uses less memory
single_file:single_file_large_structure_subset:AF-0000000065781219:t10,single_file,single_file_large_structure_subset,single_file_large_structure_subset,AF-0000000065781219,zsasa_bitmask_f64,zsasa bitmask f64,freesasa,FreeSASA,runtime_speedup,1.358832573575917,0.04093377759333333,0.05562215035333334,higher means target is faster
single_file:single_file_large_structure_subset:AF-0000000065781219:t10,single_file,single_file_large_structure_subset,single_file_large_structure_subset,AF-0000000065781219,zsasa_bitmask_f64,zsasa bitmask f64,freesasa,FreeSASA,rss_reduction,7.21966842501884,13.822916666666666,99.796875,higher means target uses less memory
single_file:single_file_large_structure_subset:AF-0000000065781219:t10,single_file,single_file_large_structure_subset,single_file_large_structure_subset,AF-0000000065781219,zsasa_bitmask_f64,zsasa bitmask f64,rustsasa,RustSASA,runtime_speedup,1.1663510575784812,0.04093377759333333,0.047743154786666665,higher means target is faster
single_file:single_file_large_structure_subset:AF-0000000065781219:t10,single_file,single_file_large_structure_subset,single_file_large_structure_subset,AF-0000000065781219,zsasa_bitmask_f64,zsasa bitmask f64,rustsasa,RustSASA,rss_reduction,2.3093443858327056,13.822916666666666,31.921875,higher means target uses less memory
single_file:single_file_large_structure_subset:AF-0000000065781219:t10,single_file,single_file_large_structure_subset,single_file_large_structure_subset,AF-0000000065781219,zsasa_bitmask_f64,zsasa bitmask f64,pdbtools_jl,PDBTools.jl,runtime_speedup,34.34394373598264,0.04093377759333333,1.4058273545666669,higher means target is faster
single_file:single_file_large_structure_subset:AF-0000000065781219:t10,single_file,single_file_large_structure_subset,single_file_large_structure_subset,AF-0000000065781219,zsasa_bitmask_f64,zsasa bitmask f64,pdbtools_jl,PDBTools.jl,rss_reduction,33.099472494348156,13.822916666666666,457.53125,higher means target uses less memory
single_file:single_file_large_structure_subset:AF-0000000065781219:t10,single_file,single_file_large_structure_subset,single_file_large_structure_subset,AF-0000000065781219,zsasa_bitmask_f32,zsasa bitmask f32,freesasa,FreeSASA,runtime_speedup,1.3717038055940938,0.04054967998666667,0.05562215035333334,higher means target is faster
single_file:single_file_large_structure_subset:AF-0000000065781219:t10,single_file,single_file_large_structure_subset,single_file_large_structure_subset,AF-0000000065781219,zsasa_bitmask_f32,zsasa bitmask f32,freesasa,FreeSASA,rss_reduction,7.406648627754155,13.473958333333334,99.796875,higher means target uses less memory
single_file:single_file_large_structure_subset:AF-0000000065781219:t10,single_file,single_file_large_structure_subset,single_file_large_structure_subset,AF-0000000065781219,zsasa_bitmask_f32,zsasa bitmask f32,rustsasa,RustSASA,runtime_speedup,1.1773990522826645,0.04054967998666667,0.047743154786666665,higher means target is faster
single_file:single_file_large_structure_subset:AF-0000000065781219:t10,single_file,single_file_large_structure_subset,single_file_large_structure_subset,AF-0000000065781219,zsasa_bitmask_f32,zsasa bitmask f32,rustsasa,RustSASA,rss_reduction,2.369153459605721,13.473958333333334,31.921875,higher means target uses less memory
single_file:single_file_large_structure_subset:AF-0000000065781219:t10,single_file,single_file_large_structure_subset,single_file_large_structure_subset,AF-0000000065781219,zsasa_bitmask_f32,zsasa bitmask f32,pdbtools_jl,PDBTools.jl,runtime_speedup,34.669258919649266,0.04054967998666667,1.4058273545666669,higher means target is faster
single_file:single_file_large_structure_subset:AF-0000000065781219:t10,single_file,single_file_large_structure_subset,single_file_large_structure_subset,AF-0000000065781219,zsasa_bitmask_f32,zsasa bitmask f32,pdbtools_jl,PDBTools.jl,rss_reduction,33.95670660997294,13.473958333333334,457.53125,higher means target uses less memory
single_file:single_file_large_structure_subset:AF-0000000066638622:t10,single_file,single_file_large_structure_subset,single_file_large_structure_subset,AF-0000000066638622,zsasa_f64,zsasa f64,freesasa,FreeSASA,runtime_speedup,1.6372277675873181,0.021412837199999996,0.035057691646666674,higher means target is faster
single_file:single_file_large_structure_subset:AF-0000000066638622:t10,single_file,single_file_large_structure_subset,single_file_large_structure_subset,AF-0000000066638622,zsasa_f64,zsasa f64,freesasa,FreeSASA,rss_reduction,7.68359375,8.0,61.46875,higher means target uses less memory
single_file:single_file_large_structure_subset:AF-0000000066638622:t10,single_file,single_file_large_structure_subset,single_file_large_structure_subset,AF-0000000066638622,zsasa_f64,zsasa f64,rustsasa,RustSASA,runtime_speedup,1.4333557460568565,0.021412837199999996,0.030692213240000002,higher means target is faster
single_file:single_file_large_structure_subset:AF-0000000066638622:t10,single_file,single_file_large_structure_subset,single_file_large_structure_subset,AF-0000000066638622,zsasa_f64,zsasa f64,rustsasa,RustSASA,rss_reduction,2.705078125,8.0,21.640625,higher means target uses less memory
single_file:single_file_large_structure_subset:AF-0000000066638622:t10,single_file,single_file_large_structure_subset,single_file_large_structure_subset,AF-0000000066638622,zsasa_f64,zsasa f64,pdbtools_jl,PDBTools.jl,runtime_speedup,65.05674836681615,0.021412837199999996,1.3930495615399998,higher means target is faster
single_file:single_file_large_structure_subset:AF-0000000066638622:t10,single_file,single_file_large_structure_subset,single_file_large_structure_subset,AF-0000000066638622,zsasa_f64,zsasa f64,pdbtools_jl,PDBTools.jl,rss_reduction,55.138671875,8.0,441.109375,higher means target uses less memory
single_file:single_file_large_structure_subset:AF-0000000066638622:t10,single_file,single_file_large_structure_subset,single_file_large_structure_subset,AF-0000000066638622,zsasa_f32,zsasa f32,freesasa,FreeSASA,runtime_speedup,1.5959201992651924,0.02196707057333333,0.035057691646666674,higher means target is faster
single_file:single_file_large_structure_subset:AF-0000000066638622:t10,single_file,single_file_large_structure_subset,single_file_large_structure_subset,AF-0000000066638622,zsasa_f32,zsasa f32,freesasa,FreeSASA,rss_reduction,7.698630136986301,7.984375,61.46875,higher means target uses less memory
single_file:single_file_large_structure_subset:AF-0000000066638622:t10,single_file,single_file_large_structure_subset,single_file_large_structure_subset,AF-0000000066638622,zsasa_f32,zsasa f32,rustsasa,RustSASA,runtime_speedup,1.397191907657385,0.02196707057333333,0.030692213240000002,higher means target is faster
single_file:single_file_large_structure_subset:AF-0000000066638622:t10,single_file,single_file_large_structure_subset,single_file_large_structure_subset,AF-0000000066638622,zsasa_f32,zsasa f32,rustsasa,RustSASA,rss_reduction,2.710371819960861,7.984375,21.640625,higher means target uses less memory
single_file:single_file_large_structure_subset:AF-0000000066638622:t10,single_file,single_file_large_structure_subset,single_file_large_structure_subset,AF-0000000066638622,zsasa_f32,zsasa f32,pdbtools_jl,PDBTools.jl,runtime_speedup,63.41535421801194,0.02196707057333333,1.3930495615399998,higher means target is faster
single_file:single_file_large_structure_subset:AF-0000000066638622:t10,single_file,single_file_large_structure_subset,single_file_large_structure_subset,AF-0000000066638622,zsasa_f32,zsasa f32,pdbtools_jl,PDBTools.jl,rss_reduction,55.24657534246575,7.984375,441.109375,higher means target uses less memory
single_file:single_file_large_structure_subset:AF-0000000066638622:t10,single_file,single_file_large_structure_subset,single_file_large_structure_subset,AF-0000000066638622,zsasa_bitmask_f64,zsasa bitmask f64,freesasa,FreeSASA,runtime_speedup,1.051813122775798,0.03333072281333334,0.035057691646666674,higher means target is faster
single_file:single_file_large_structure_subset:AF-0000000066638622:t10,single_file,single_file_large_structure_subset,single_file_large_structure_subset,AF-0000000066638622,zsasa_bitmask_f64,zsasa bitmask f64,freesasa,FreeSASA,rss_reduction,5.933634992458522,10.359375,61.46875,higher means target uses less memory
single_file:single_file_large_structure_subset:AF-0000000066638622:t10,single_file,single_file_large_structure_subset,single_file_large_structure_subset,AF-0000000066638622,zsasa_bitmask_f64,zsasa bitmask f64,rustsasa,RustSASA,runtime_speedup,0.9208385132206659,0.03333072281333334,0.030692213240000002,higher means target is faster
single_file:single_file_large_structure_subset:AF-0000000066638622:t10,single_file,single_file_large_structure_subset,single_file_large_structure_subset,AF-0000000066638622,zsasa_bitmask_f64,zsasa bitmask f64,rustsasa,RustSASA,rss_reduction,2.0889894419306185,10.359375,21.640625,higher means target uses less memory
single_file:single_file_large_structure_subset:AF-0000000066638622:t10,single_file,single_file_large_structure_subset,single_file_large_structure_subset,AF-0000000066638622,zsasa_bitmask_f64,zsasa bitmask f64,pdbtools_jl,PDBTools.jl,runtime_speedup,41.79476002790843,0.03333072281333334,1.3930495615399998,higher means target is faster
single_file:single_file_large_structure_subset:AF-0000000066638622:t10,single_file,single_file_large_structure_subset,single_file_large_structure_subset,AF-0000000066638622,zsasa_bitmask_f64,zsasa bitmask f64,pdbtools_jl,PDBTools.jl,rss_reduction,42.580693815987935,10.359375,441.109375,higher means target uses less memory
single_file:single_file_large_structure_subset:AF-0000000066638622:t10,single_file,single_file_large_structure_subset,single_file_large_structure_subset,AF-0000000066638622,zsasa_bitmask_f32,zsasa bitmask f32,freesasa,FreeSASA,runtime_speedup,1.0789388554615587,0.032492751066666666,0.035057691646666674,higher means target is faster
single_file:single_file_large_structure_subset:AF-0000000066638622:t10,single_file,single_file_large_structure_subset,single_file_large_structure_subset,AF-0000000066638622,zsasa_bitmask_f32,zsasa bitmask f32,freesasa,FreeSASA,rss_reduction,5.966632962588473,10.302083333333334,61.46875,higher means target uses less memory
single_file:single_file_large_structure_subset:AF-0000000066638622:t10,single_file,single_file_large_structure_subset,single_file_large_structure_subset,AF-0000000066638622,zsasa_bitmask_f32,zsasa bitmask f32,rustsasa,RustSASA,runtime_speedup,0.9445864764429325,0.032492751066666666,0.030692213240000002,higher means target is faster
single_file:single_file_large_structure_subset:AF-0000000066638622:t10,single_file,single_file_large_structure_subset,single_file_large_structure_subset,AF-0000000066638622,zsasa_bitmask_f32,zsasa bitmask f32,rustsasa,RustSASA,rss_reduction,2.100606673407482,10.302083333333334,21.640625,higher means target uses less memory
single_file:single_file_large_structure_subset:AF-0000000066638622:t10,single_file,single_file_large_structure_subset,single_file_large_structure_subset,AF-0000000066638622,zsasa_bitmask_f32,zsasa bitmask f32,pdbtools_jl,PDBTools.jl,runtime_speedup,42.87262591837253,0.032492751066666666,1.3930495615399998,higher means target is faster
single_file:single_file_large_structure_subset:AF-0000000066638622:t10,single_file,single_file_large_structure_subset,single_file_large_structure_subset,AF-0000000066638622,zsasa_bitmask_f32,zsasa bitmask f32,pdbtools_jl,PDBTools.jl,rss_reduction,42.817492416582404,10.302083333333334,441.109375,higher means target uses less memory
single_file:single_file_large_structure_subset:AF-P49792-F10-model_v6:t10,single_file,single_file_large_structure_subset,single_file_large_structure_subset,AF-P49792-F10-model_v6,zsasa_f64,zsasa f64,freesasa,FreeSASA,runtime_speedup,1.909637854741258,0.013658539533333333,0.02608286413333333,higher means target is faster
single_file:single_file_large_structure_subset:AF-P49792-F10-model_v6:t10,single_file,single_file_large_structure_subset,single_file_large_structure_subset,AF-P49792-F10-model_v6,zsasa_f64,zsasa f64,freesasa,FreeSASA,rss_reduction,7.151807228915662,6.484375,46.375,higher means target uses less memory
single_file:single_file_large_structure_subset:AF-P49792-F10-model_v6:t10,single_file,single_file_large_structure_subset,single_file_large_structure_subset,AF-P49792-F10-model_v6,zsasa_f64,zsasa f64,rustsasa,RustSASA,runtime_speedup,1.506577865306468,0.013658539533333333,0.020577653333333334,higher means target is faster
single_file:single_file_large_structure_subset:AF-P49792-F10-model_v6:t10,single_file,single_file_large_structure_subset,single_file_large_structure_subset,AF-P49792-F10-model_v6,zsasa_f64,zsasa f64,rustsasa,RustSASA,rss_reduction,2.689156626506024,6.484375,17.4375,higher means target uses less memory
single_file:single_file_large_structure_subset:AF-P49792-F10-model_v6:t10,single_file,single_file_large_structure_subset,single_file_large_structure_subset,AF-P49792-F10-model_v6,zsasa_f64,zsasa f64,pdbtools_jl,PDBTools.jl,runtime_speedup,101.32464391788339,0.013658539533333333,1.3839466546533332,higher means target is faster
single_file:single_file_large_structure_subset:AF-P49792-F10-model_v6:t10,single_file,single_file_large_structure_subset,single_file_large_structure_subset,AF-P49792-F10-model_v6,zsasa_f64,zsasa f64,pdbtools_jl,PDBTools.jl,rss_reduction,66.82409638554216,6.484375,433.3125,higher means target uses less memory
single_file:single_file_large_structure_subset:AF-P49792-F10-model_v6:t10,single_file,single_file_large_structure_subset,single_file_large_structure_subset,AF-P49792-F10-model_v6,zsasa_f32,zsasa f32,freesasa,FreeSASA,runtime_speedup,1.4253663547151565,0.018299059779999998,0.02608286413333333,higher means target is faster
single_file:single_file_large_structure_subset:AF-P49792-F10-model_v6:t10,single_file,single_file_large_structure_subset,single_file_large_structure_subset,AF-P49792-F10-model_v6,zsasa_f32,zsasa f32,freesasa,FreeSASA,rss_reduction,7.151807228915662,6.484375,46.375,higher means target uses less memory
single_file:single_file_large_structure_subset:AF-P49792-F10-model_v6:t10,single_file,single_file_large_structure_subset,single_file_large_structure_subset,AF-P49792-F10-model_v6,zsasa_f32,zsasa f32,rustsasa,RustSASA,runtime_speedup,1.1245197065164916,0.018299059779999998,0.020577653333333334,higher means target is faster
single_file:single_file_large_structure_subset:AF-P49792-F10-model_v6:t10,single_file,single_file_large_structure_subset,single_file_large_structure_subset,AF-P49792-F10-model_v6,zsasa_f32,zsasa f32,rustsasa,RustSASA,rss_reduction,2.689156626506024,6.484375,17.4375,higher means target uses less memory
single_file:single_file_large_structure_subset:AF-P49792-F10-model_v6:t10,single_file,single_file_large_structure_subset,single_file_large_structure_subset,AF-P49792-F10-model_v6,zsasa_f32,zsasa f32,pdbtools_jl,PDBTools.jl,runtime_speedup,75.6293859516171,0.018299059779999998,1.3839466546533332,higher means target is faster
single_file:single_file_large_structure_subset:AF-P49792-F10-model_v6:t10,single_file,single_file_large_structure_subset,single_file_large_structure_subset,AF-P49792-F10-model_v6,zsasa_f32,zsasa f32,pdbtools_jl,PDBTools.jl,rss_reduction,66.82409638554216,6.484375,433.3125,higher means target uses less memory
single_file:single_file_large_structure_subset:AF-P49792-F10-model_v6:t10,single_file,single_file_large_structure_subset,single_file_large_structure_subset,AF-P49792-F10-model_v6,zsasa_bitmask_f64,zsasa bitmask f64,freesasa,FreeSASA,runtime_speedup,0.8787942200986294,0.029680286393333335,0.02608286413333333,higher means target is faster
single_file:single_file_large_structure_subset:AF-P49792-F10-model_v6:t10,single_file,single_file_large_structure_subset,single_file_large_structure_subset,AF-P49792-F10-model_v6,zsasa_bitmask_f64,zsasa bitmask f64,freesasa,FreeSASA,rss_reduction,6.024357239512855,7.697916666666667,46.375,higher means target uses less memory
single_file:single_file_large_structure_subset:AF-P49792-F10-model_v6:t10,single_file,single_file_large_structure_subset,single_file_large_structure_subset,AF-P49792-F10-model_v6,zsasa_bitmask_f64,zsasa bitmask f64,rustsasa,RustSASA,runtime_speedup,0.6933104708165957,0.029680286393333335,0.020577653333333334,higher means target is faster
single_file:single_file_large_structure_subset:AF-P49792-F10-model_v6:t10,single_file,single_file_large_structure_subset,single_file_large_structure_subset,AF-P49792-F10-model_v6,zsasa_bitmask_f64,zsasa bitmask f64,rustsasa,RustSASA,rss_reduction,2.2652232746955345,7.697916666666667,17.4375,higher means target uses less memory
single_file:single_file_large_structure_subset:AF-P49792-F10-model_v6:t10,single_file,single_file_large_structure_subset,single_file_large_structure_subset,AF-P49792-F10-model_v6,zsasa_bitmask_f64,zsasa bitmask f64,pdbtools_jl,PDBTools.jl,runtime_speedup,46.62848047733763,0.029680286393333335,1.3839466546533332,higher means target is faster
single_file:single_file_large_structure_subset:AF-P49792-F10-model_v6:t10,single_file,single_file_large_structure_subset,single_file_large_structure_subset,AF-P49792-F10-model_v6,zsasa_bitmask_f64,zsasa bitmask f64,pdbtools_jl,PDBTools.jl,rss_reduction,56.28958051420839,7.697916666666667,433.3125,higher means target uses less memory
single_file:single_file_large_structure_subset:AF-P49792-F10-model_v6:t10,single_file,single_file_large_structure_subset,single_file_large_structure_subset,AF-P49792-F10-model_v6,zsasa_bitmask_f32,zsasa bitmask f32,freesasa,FreeSASA,runtime_speedup,0.9149757723843313,0.028506617246666668,0.02608286413333333,higher means target is faster
single_file:single_file_large_structure_subset:AF-P49792-F10-model_v6:t10,single_file,single_file_large_structure_subset,single_file_large_structure_subset,AF-P49792-F10-model_v6,zsasa_bitmask_f32,zsasa bitmask f32,freesasa,FreeSASA,rss_reduction,6.396551724137931,7.25,46.375,higher means target uses less memory
single_file:single_file_large_structure_subset:AF-P49792-F10-model_v6:t10,single_file,single_file_large_structure_subset,single_file_large_structure_subset,AF-P49792-F10-model_v6,zsasa_bitmask_f32,zsasa bitmask f32,rustsasa,RustSASA,runtime_speedup,0.7218553206532956,0.028506617246666668,0.020577653333333334,higher means target is faster
single_file:single_file_large_structure_subset:AF-P49792-F10-model_v6:t10,single_file,single_file_large_structure_subset,single_file_large_structure_subset,AF-P49792-F10-model_v6,zsasa_bitmask_f32,zsasa bitmask f32,rustsasa,RustSASA,rss_reduction,2.4051724137931036,7.25,17.4375,higher means target uses less memory
single_file:single_file_large_structure_subset:AF-P49792-F10-model_v6:t10,single_file,single_file_large_structure_subset,single_file_large_structure_subset,AF-P49792-F10-model_v6,zsasa_bitmask_f32,zsasa bitmask f32,pdbtools_jl,PDBTools.jl,runtime_speedup,48.54825960857073,0.028506617246666668,1.3839466546533332,higher means target is faster
single_file:single_file_large_structure_subset:AF-P49792-F10-model_v6:t10,single_file,single_file_large_structure_subset,single_file_large_structure_subset,AF-P49792-F10-model_v6,zsasa_bitmask_f32,zsasa bitmask f32,pdbtools_jl,PDBTools.jl,rss_reduction,59.76724137931034,7.25,433.3125,higher means target uses less memory
single_file:single_file_large_structure_subset:AF-Q6ZS30-F1-model_v6:t10,single_file,single_file_large_structure_subset,single_file_large_structure_subset,AF-Q6ZS30-F1-model_v6,zsasa_f64,zsasa f64,freesasa,FreeSASA,runtime_speedup,1.8407834247971024,0.02740284702,0.05044270658666667,higher means target is faster
single_file:single_file_large_structure_subset:AF-Q6ZS30-F1-model_v6:t10,single_file,single_file_large_structure_subset,single_file_large_structure_subset,AF-Q6ZS30-F1-model_v6,zsasa_f64,zsasa f64,freesasa,FreeSASA,rss_reduction,9.067930489731438,9.890625,89.6875,higher means target uses less memory
single_file:single_file_large_structure_subset:AF-Q6ZS30-F1-model_v6:t10,single_file,single_file_large_structure_subset,single_file_large_structure_subset,AF-Q6ZS30-F1-model_v6,zsasa_f64,zsasa f64,rustsasa,RustSASA,runtime_speedup,1.5453276942024836,0.02740284702,0.042346378399999995,higher means target is faster
single_file:single_file_large_structure_subset:AF-Q6ZS30-F1-model_v6:t10,single_file,single_file_large_structure_subset,single_file_large_structure_subset,AF-Q6ZS30-F1-model_v6,zsasa_f64,zsasa f64,rustsasa,RustSASA,rss_reduction,2.9652448657187995,9.890625,29.328125,higher means target uses less memory
single_file:single_file_large_structure_subset:AF-Q6ZS30-F1-model_v6:t10,single_file,single_file_large_structure_subset,single_file_large_structure_subset,AF-Q6ZS30-F1-model_v6,zsasa_f64,zsasa f64,pdbtools_jl,PDBTools.jl,runtime_speedup,51.56354300833763,0.02740284702,1.4129878808666667,higher means target is faster
single_file:single_file_large_structure_subset:AF-Q6ZS30-F1-model_v6:t10,single_file,single_file_large_structure_subset,single_file_large_structure_subset,AF-Q6ZS30-F1-model_v6,zsasa_f64,zsasa f64,pdbtools_jl,PDBTools.jl,rss_reduction,45.824644549763036,9.890625,453.234375,higher means target uses less memory
single_file:single_file_large_structure_subset:AF-Q6ZS30-F1-model_v6:t10,single_file,single_file_large_structure_subset,single_file_large_structure_subset,AF-Q6ZS30-F1-model_v6,zsasa_f32,zsasa f32,freesasa,FreeSASA,runtime_speedup,1.700435497178326,0.029664581026666668,0.05044270658666667,higher means target is faster
single_file:single_file_large_structure_subset:AF-Q6ZS30-F1-model_v6:t10,single_file,single_file_large_structure_subset,single_file_large_structure_subset,AF-Q6ZS30-F1-model_v6,zsasa_f32,zsasa f32,freesasa,FreeSASA,rss_reduction,9.058390320883746,9.901041666666666,89.6875,higher means target uses less memory
single_file:single_file_large_structure_subset:AF-Q6ZS30-F1-model_v6:t10,single_file,single_file_large_structure_subset,single_file_large_structure_subset,AF-Q6ZS30-F1-model_v6,zsasa_f32,zsasa f32,rustsasa,RustSASA,runtime_speedup,1.4275063707096742,0.029664581026666668,0.042346378399999995,higher means target is faster
single_file:single_file_large_structure_subset:AF-Q6ZS30-F1-model_v6:t10,single_file,single_file_large_structure_subset,single_file_large_structure_subset,AF-Q6ZS30-F1-model_v6,zsasa_f32,zsasa f32,rustsasa,RustSASA,rss_reduction,2.962125197264598,9.901041666666666,29.328125,higher means target uses less memory
single_file:single_file_large_structure_subset:AF-Q6ZS30-F1-model_v6:t10,single_file,single_file_large_structure_subset,single_file_large_structure_subset,AF-Q6ZS30-F1-model_v6,zsasa_f32,zsasa f32,pdbtools_jl,PDBTools.jl,runtime_speedup,47.63215363117638,0.029664581026666668,1.4129878808666667,higher means target is faster
single_file:single_file_large_structure_subset:AF-Q6ZS30-F1-model_v6:t10,single_file,single_file_large_structure_subset,single_file_large_structure_subset,AF-Q6ZS30-F1-model_v6,zsasa_f32,zsasa f32,pdbtools_jl,PDBTools.jl,rss_reduction,45.77643345607575,9.901041666666666,453.234375,higher means target uses less memory
single_file:single_file_large_structure_subset:AF-Q6ZS30-F1-model_v6:t10,single_file,single_file_large_structure_subset,single_file_large_structure_subset,AF-Q6ZS30-F1-model_v6,zsasa_bitmask_f64,zsasa bitmask f64,freesasa,FreeSASA,runtime_speedup,1.4274937673086585,0.03533655119333333,0.05044270658666667,higher means target is faster
single_file:single_file_large_structure_subset:AF-Q6ZS30-F1-model_v6:t10,single_file,single_file_large_structure_subset,single_file_large_structure_subset,AF-Q6ZS30-F1-model_v6,zsasa_bitmask_f64,zsasa bitmask f64,freesasa,FreeSASA,rss_reduction,7.157107231920199,12.53125,89.6875,higher means target uses less memory
single_file:single_file_large_structure_subset:AF-Q6ZS30-F1-model_v6:t10,single_file,single_file_large_structure_subset,single_file_large_structure_subset,AF-Q6ZS30-F1-model_v6,zsasa_bitmask_f64,zsasa bitmask f64,rustsasa,RustSASA,runtime_speedup,1.1983732698846161,0.03533655119333333,0.042346378399999995,higher means target is faster
single_file:single_file_large_structure_subset:AF-Q6ZS30-F1-model_v6:t10,single_file,single_file_large_structure_subset,single_file_large_structure_subset,AF-Q6ZS30-F1-model_v6,zsasa_bitmask_f64,zsasa bitmask f64,rustsasa,RustSASA,rss_reduction,2.3403990024937658,12.53125,29.328125,higher means target uses less memory
single_file:single_file_large_structure_subset:AF-Q6ZS30-F1-model_v6:t10,single_file,single_file_large_structure_subset,single_file_large_structure_subset,AF-Q6ZS30-F1-model_v6,zsasa_bitmask_f64,zsasa bitmask f64,pdbtools_jl,PDBTools.jl,runtime_speedup,39.98658140507057,0.03533655119333333,1.4129878808666667,higher means target is faster
single_file:single_file_large_structure_subset:AF-Q6ZS30-F1-model_v6:t10,single_file,single_file_large_structure_subset,single_file_large_structure_subset,AF-Q6ZS30-F1-model_v6,zsasa_bitmask_f64,zsasa bitmask f64,pdbtools_jl,PDBTools.jl,rss_reduction,36.16832917705736,12.53125,453.234375,higher means target uses less memory
single_file:single_file_large_structure_subset:AF-Q6ZS30-F1-model_v6:t10,single_file,single_file_large_structure_subset,single_file_large_structure_subset,AF-Q6ZS30-F1-model_v6,zsasa_bitmask_f32,zsasa bitmask f32,freesasa,FreeSASA,runtime_speedup,1.2910055083379068,0.03907241778666667,0.05044270658666667,higher means target is faster
single_file:single_file_large_structure_subset:AF-Q6ZS30-F1-model_v6:t10,single_file,single_file_large_structure_subset,single_file_large_structure_subset,AF-Q6ZS30-F1-model_v6,zsasa_bitmask_f32,zsasa bitmask f32,freesasa,FreeSASA,rss_reduction,7.189979123173277,12.473958333333334,89.6875,higher means target uses less memory
single_file:single_file_large_structure_subset:AF-Q6ZS30-F1-model_v6:t10,single_file,single_file_large_structure_subset,single_file_large_structure_subset,AF-Q6ZS30-F1-model_v6,zsasa_bitmask_f32,zsasa bitmask f32,rustsasa,RustSASA,runtime_speedup,1.0837921172733405,0.03907241778666667,0.042346378399999995,higher means target is faster
single_file:single_file_large_structure_subset:AF-Q6ZS30-F1-model_v6:t10,single_file,single_file_large_structure_subset,single_file_large_structure_subset,AF-Q6ZS30-F1-model_v6,zsasa_bitmask_f32,zsasa bitmask f32,rustsasa,RustSASA,rss_reduction,2.3511482254697285,12.473958333333334,29.328125,higher means target uses less memory
single_file:single_file_large_structure_subset:AF-Q6ZS30-F1-model_v6:t10,single_file,single_file_large_structure_subset,single_file_large_structure_subset,AF-Q6ZS30-F1-model_v6,zsasa_bitmask_f32,zsasa bitmask f32,pdbtools_jl,PDBTools.jl,runtime_speedup,36.163308054840776,0.03907241778666667,1.4129878808666667,higher means target is faster
single_file:single_file_large_structure_subset:AF-Q6ZS30-F1-model_v6:t10,single_file,single_file_large_structure_subset,single_file_large_structure_subset,AF-Q6ZS30-F1-model_v6,zsasa_bitmask_f32,zsasa bitmask f32,pdbtools_jl,PDBTools.jl,rss_reduction,36.33444676409186,12.473958333333334,453.234375,higher means target uses less memory
trajectory:5vz0_A_protein,trajectory,5vz0_A_protein,5vz0_A,,zsasa_cli_f64,zsasa CLI f64,mdsasa_bolt,mdsasa-bolt (Rust),runtime_speedup,42.82748018416572,78.90160665780667,3379.156995636053,higher means target is faster
trajectory:5vz0_A_protein,trajectory,5vz0_A_protein,5vz0_A,,zsasa_cli_f64,zsasa CLI f64,mdsasa_bolt,mdsasa-bolt (Rust),rss_reduction,94.93305637249861,253.24479166666666,24041.302083333332,higher means target uses less memory
trajectory:5vz0_A_protein,trajectory,5vz0_A_protein,5vz0_A,,zsasa_cli_f32,zsasa CLI f32,mdsasa_bolt,mdsasa-bolt (Rust),runtime_speedup,43.985139963647384,76.82496857868001,3379.156995636053,higher means target is faster
trajectory:5vz0_A_protein,trajectory,5vz0_A_protein,5vz0_A,,zsasa_cli_f32,zsasa CLI f32,mdsasa_bolt,mdsasa-bolt (Rust),rss_reduction,97.37632639284433,246.890625,24041.302083333332,higher means target uses less memory
trajectory:5vz0_A_protein,trajectory,5vz0_A_protein,5vz0_A,,zsasa_cli_bitmask_f64,zsasa CLI bitmask f64,mdsasa_bolt,mdsasa-bolt (Rust),runtime_speedup,92.58978756644963,36.496001173033335,3379.156995636053,higher means target is faster
trajectory:5vz0_A_protein,trajectory,5vz0_A_protein,5vz0_A,,zsasa_cli_bitmask_f64,zsasa CLI bitmask f64,mdsasa_bolt,mdsasa-bolt (Rust),rss_reduction,78.56233512041528,306.015625,24041.302083333332,higher means target uses less memory
trajectory:5vz0_A_protein,trajectory,5vz0_A_protein,5vz0_A,,zsasa_cli_bitmask_f32,zsasa CLI bitmask f32,mdsasa_bolt,mdsasa-bolt (Rust),runtime_speedup,95.77980745583308,35.28047388479334,3379.156995636053,higher means target is faster
trajectory:5vz0_A_protein,trajectory,5vz0_A_protein,5vz0_A,,zsasa_cli_bitmask_f32,zsasa CLI bitmask f32,mdsasa_bolt,mdsasa-bolt (Rust),rss_reduction,80.18221928849361,299.8333333333333,24041.302083333332,higher means target uses less memory
trajectory:5wvo_C_analysis,trajectory,5wvo_C_analysis,5wvo_C,,zsasa_cli_f64,zsasa CLI f64,mdtraj,MDTraj,runtime_speedup,14.22260083925824,1.6350497272733333,23.254659623346665,higher means target is faster
trajectory:5wvo_C_analysis,trajectory,5wvo_C_analysis,5wvo_C,,zsasa_cli_f64,zsasa CLI f64,mdtraj,MDTraj,rss_reduction,2.9199961490324444,54.098958333333336,157.96875,higher means target uses less memory
trajectory:5wvo_C_analysis,trajectory,5wvo_C_analysis,5wvo_C,,zsasa_cli_f64,zsasa CLI f64,mdsasa_bolt,mdsasa-bolt (Rust),runtime_speedup,2.6702007590195733,1.6350497272733333,4.365911022800001,higher means target is faster
trajectory:5wvo_C_analysis,trajectory,5wvo_C_analysis,5wvo_C,,zsasa_cli_f64,zsasa CLI f64,mdsasa_bolt,mdsasa-bolt (Rust),rss_reduction,26.01829209588909,54.098958333333336,1407.5625,higher means target uses less memory
trajectory:5wvo_C_analysis,trajectory,5wvo_C_analysis,5wvo_C,,zsasa_cli_f32,zsasa CLI f32,mdtraj,MDTraj,runtime_speedup,14.821013309134205,1.5690330437133333,23.254659623346665,higher means target is faster
trajectory:5wvo_C_analysis,trajectory,5wvo_C_analysis,5wvo_C,,zsasa_cli_f32,zsasa CLI f32,mdtraj,MDTraj,rss_reduction,3.0406015037593983,51.953125,157.96875,higher means target uses less memory
trajectory:5wvo_C_analysis,trajectory,5wvo_C_analysis,5wvo_C,,zsasa_cli_f32,zsasa CLI f32,mdsasa_bolt,mdsasa-bolt (Rust),runtime_speedup,2.7825488062810133,1.5690330437133333,4.365911022800001,higher means target is faster
trajectory:5wvo_C_analysis,trajectory,5wvo_C_analysis,5wvo_C,,zsasa_cli_f32,zsasa CLI f32,mdsasa_bolt,mdsasa-bolt (Rust),rss_reduction,27.092932330827068,51.953125,1407.5625,higher means target uses less memory
trajectory:5wvo_C_analysis,trajectory,5wvo_C_analysis,5wvo_C,,zsasa_cli_bitmask_f64,zsasa CLI bitmask f64,mdtraj,MDTraj,runtime_speedup,31.43037179629134,0.7398786044933335,23.254659623346665,higher means target is faster
trajectory:5wvo_C_analysis,trajectory,5wvo_C_analysis,5wvo_C,,zsasa_cli_bitmask_f64,zsasa CLI bitmask f64,mdtraj,MDTraj,rss_reduction,3.6617167692864903,43.140625,157.96875,higher means target uses less memory
trajectory:5wvo_C_analysis,trajectory,5wvo_C_analysis,5wvo_C,,zsasa_cli_bitmask_f64,zsasa CLI bitmask f64,mdsasa_bolt,mdsasa-bolt (Rust),runtime_speedup,5.900847782711277,0.7398786044933335,4.365911022800001,higher means target is faster
trajectory:5wvo_C_analysis,trajectory,5wvo_C_analysis,5wvo_C,,zsasa_cli_bitmask_f64,zsasa CLI bitmask f64,mdsasa_bolt,mdsasa-bolt (Rust),rss_reduction,32.62730894603405,43.140625,1407.5625,higher means target uses less memory
trajectory:5wvo_C_analysis,trajectory,5wvo_C_analysis,5wvo_C,,zsasa_cli_bitmask_f32,zsasa CLI bitmask f32,mdtraj,MDTraj,runtime_speedup,31.488096443806633,0.7385222433133333,23.254659623346665,higher means target is faster
trajectory:5wvo_C_analysis,trajectory,5wvo_C_analysis,5wvo_C,,zsasa_cli_bitmask_f32,zsasa CLI bitmask f32,mdtraj,MDTraj,rss_reduction,4.526190120877481,34.901041666666664,157.96875,higher means target uses less memory
trajectory:5wvo_C_analysis,trajectory,5wvo_C_analysis,5wvo_C,,zsasa_cli_bitmask_f32,zsasa CLI bitmask f32,mdsasa_bolt,mdsasa-bolt (Rust),runtime_speedup,5.9116852096595185,0.7385222433133333,4.365911022800001,higher means target is faster
trajectory:5wvo_C_analysis,trajectory,5wvo_C_analysis,5wvo_C,,zsasa_cli_bitmask_f32,zsasa CLI bitmask f32,mdsasa_bolt,mdsasa-bolt (Rust),rss_reduction,40.330099985076856,34.901041666666664,1407.5625,higher means target uses less memory
trajectory:5wvo_C_analysis,trajectory,5wvo_C_analysis,5wvo_C,,zsasa_mdtraj,zsasa + MDTraj,mdtraj,MDTraj,runtime_speedup,13.104082632945092,1.7746117965466668,23.254659623346665,higher means target is faster
trajectory:5wvo_C_analysis,trajectory,5wvo_C_analysis,5wvo_C,,zsasa_mdtraj,zsasa + MDTraj,mdtraj,MDTraj,rss_reduction,0.740388136213841,213.359375,157.96875,higher means target uses less memory
trajectory:5wvo_C_analysis,trajectory,5wvo_C_analysis,5wvo_C,,zsasa_mdtraj,zsasa + MDTraj,mdsasa_bolt,mdsasa-bolt (Rust),runtime_speedup,2.460206244146417,1.7746117965466668,4.365911022800001,higher means target is faster
trajectory:5wvo_C_analysis,trajectory,5wvo_C_analysis,5wvo_C,,zsasa_mdtraj,zsasa + MDTraj,mdsasa_bolt,mdsasa-bolt (Rust),rss_reduction,6.597143903332113,213.359375,1407.5625,higher means target uses less memory
trajectory:5wvo_C_analysis,trajectory,5wvo_C_analysis,5wvo_C,,zsasa_mdtraj_bitmask,zsasa + MDTraj bitmask,mdtraj,MDTraj,runtime_speedup,26.79646265687284,0.8678257246533335,23.254659623346665,higher means target is faster
trajectory:5wvo_C_analysis,trajectory,5wvo_C_analysis,5wvo_C,,zsasa_mdtraj_bitmask,zsasa + MDTraj bitmask,mdtraj,MDTraj,rss_reduction,0.7422907488986784,212.8125,157.96875,higher means target uses less memory
trajectory:5wvo_C_analysis,trajectory,5wvo_C_analysis,5wvo_C,,zsasa_mdtraj_bitmask,zsasa + MDTraj bitmask,mdsasa_bolt,mdsasa-bolt (Rust),runtime_speedup,5.030861495312359,0.8678257246533335,4.365911022800001,higher means target is faster
trajectory:5wvo_C_analysis,trajectory,5wvo_C_analysis,5wvo_C,,zsasa_mdtraj_bitmask,zsasa + MDTraj bitmask,mdsasa_bolt,mdsasa-bolt (Rust),rss_reduction,6.61409691629956,212.8125,1407.5625,higher means target uses less memory
trajectory:5wvo_C_analysis,trajectory,5wvo_C_analysis,5wvo_C,,zsasa_mdanalysis,zsasa + MDAnalysis,mdtraj,MDTraj,runtime_speedup,10.933403742179964,2.126936878186666,23.254659623346665,higher means target is faster
trajectory:5wvo_C_analysis,trajectory,5wvo_C_analysis,5wvo_C,,zsasa_mdanalysis,zsasa + MDAnalysis,mdtraj,MDTraj,rss_reduction,0.8183584264205925,193.03125,157.96875,higher means target uses less memory
trajectory:5wvo_C_analysis,trajectory,5wvo_C_analysis,5wvo_C,,zsasa_mdanalysis,zsasa + MDAnalysis,mdsasa_bolt,mdsasa-bolt (Rust),runtime_speedup,2.0526754073314044,2.126936878186666,4.365911022800001,higher means target is faster
trajectory:5wvo_C_analysis,trajectory,5wvo_C_analysis,5wvo_C,,zsasa_mdanalysis,zsasa + MDAnalysis,mdsasa_bolt,mdsasa-bolt (Rust),rss_reduction,7.291889266634288,193.03125,1407.5625,higher means target uses less memory
trajectory:5wvo_C_analysis,trajectory,5wvo_C_analysis,5wvo_C,,zsasa_mdanalysis_bitmask,zsasa + MDAnalysis bitmask,mdtraj,MDTraj,runtime_speedup,18.957117681995765,1.2266980673666665,23.254659623346665,higher means target is faster
trajectory:5wvo_C_analysis,trajectory,5wvo_C_analysis,5wvo_C,,zsasa_mdanalysis_bitmask,zsasa + MDAnalysis bitmask,mdtraj,MDTraj,rss_reduction,0.8124832574336994,194.42708333333334,157.96875,higher means target uses less memory
trajectory:5wvo_C_analysis,trajectory,5wvo_C_analysis,5wvo_C,,zsasa_mdanalysis_bitmask,zsasa + MDAnalysis bitmask,mdsasa_bolt,mdsasa-bolt (Rust),runtime_speedup,3.5590754880475464,1.2266980673666665,4.365911022800001,higher means target is faster
trajectory:5wvo_C_analysis,trajectory,5wvo_C_analysis,5wvo_C,,zsasa_mdanalysis_bitmask,zsasa + MDAnalysis bitmask,mdsasa_bolt,mdsasa-bolt (Rust),rss_reduction,7.2395392445754085,194.42708333333334,1407.5625,higher means target uses less memory
trajectory:5wvo_C_analysis,trajectory,5wvo_C_analysis,5wvo_C,,mdsasa_bolt,mdsasa-bolt (Rust),mdtraj,MDTraj,runtime_speedup,5.326416297057904,4.365911022800001,23.254659623346665,higher means target is faster
trajectory:5wvo_C_analysis,trajectory,5wvo_C_analysis,5wvo_C,,mdsasa_bolt,mdsasa-bolt (Rust),mdtraj,MDTraj,rss_reduction,0.1122285866524577,1407.5625,157.96875,higher means target uses less memory
trajectory:6sup_A_analysis,trajectory,6sup_A_analysis,6sup_A,,zsasa_cli_f64,zsasa CLI f64,mdtraj,MDTraj,runtime_speedup,60.67445386603568,15.11784473998,917.2669732298067,higher means target is faster
trajectory:6sup_A_analysis,trajectory,6sup_A_analysis,6sup_A,,zsasa_cli_f64,zsasa CLI f64,mdtraj,MDTraj,rss_reduction,2.158408501173854,463.6614583333333,1000.7708333333334,higher means target uses less memory
trajectory:6sup_A_analysis,trajectory,6sup_A_analysis,6sup_A,,zsasa_cli_f64,zsasa CLI f64,mdsasa_bolt,mdsasa-bolt (Rust),runtime_speedup,3.7802159181950254,15.11784473998,57.14871733487333,higher means target is faster
trajectory:6sup_A_analysis,trajectory,6sup_A_analysis,6sup_A,,zsasa_cli_f64,zsasa CLI f64,mdsasa_bolt,mdsasa-bolt (Rust),rss_reduction,25.176943037192636,463.6614583333333,11673.578125,higher means target uses less memory
trajectory:6sup_A_analysis,trajectory,6sup_A_analysis,6sup_A,,zsasa_cli_f32,zsasa CLI f32,mdtraj,MDTraj,runtime_speedup,62.670234948458,14.636405527826668,917.2669732298067,higher means target is faster
trajectory:6sup_A_analysis,trajectory,6sup_A_analysis,6sup_A,,zsasa_cli_f32,zsasa CLI f32,mdtraj,MDTraj,rss_reduction,2.2509254486668855,444.6041666666667,1000.7708333333334,higher means target uses less memory
trajectory:6sup_A_analysis,trajectory,6sup_A_analysis,6sup_A,,zsasa_cli_f32,zsasa CLI f32,mdsasa_bolt,mdsasa-bolt (Rust),runtime_speedup,3.904559574153808,14.636405527826668,57.14871733487333,higher means target is faster
trajectory:6sup_A_analysis,trajectory,6sup_A_analysis,6sup_A,,zsasa_cli_f32,zsasa CLI f32,mdsasa_bolt,mdsasa-bolt (Rust),rss_reduction,26.256114989925493,444.6041666666667,11673.578125,higher means target uses less memory
trajectory:6sup_A_analysis,trajectory,6sup_A_analysis,6sup_A,,zsasa_cli_bitmask_f64,zsasa CLI bitmask f64,mdtraj,MDTraj,runtime_speedup,133.92121697119057,6.849302851146665,917.2669732298067,higher means target is faster
trajectory:6sup_A_analysis,trajectory,6sup_A_analysis,6sup_A,,zsasa_cli_bitmask_f64,zsasa CLI bitmask f64,mdtraj,MDTraj,rss_reduction,2.171801885299636,460.8020833333333,1000.7708333333334,higher means target uses less memory
trajectory:6sup_A_analysis,trajectory,6sup_A_analysis,6sup_A,,zsasa_cli_bitmask_f64,zsasa CLI bitmask f64,mdsasa_bolt,mdsasa-bolt (Rust),runtime_speedup,8.343727613870348,6.849302851146665,57.14871733487333,higher means target is faster
trajectory:6sup_A_analysis,trajectory,6sup_A_analysis,6sup_A,,zsasa_cli_bitmask_f64,zsasa CLI bitmask f64,mdsasa_bolt,mdsasa-bolt (Rust),rss_reduction,25.333171327169566,460.8020833333333,11673.578125,higher means target uses less memory
trajectory:6sup_A_analysis,trajectory,6sup_A_analysis,6sup_A,,zsasa_cli_bitmask_f32,zsasa CLI bitmask f32,mdtraj,MDTraj,runtime_speedup,139.52100115785015,6.574400739800001,917.2669732298067,higher means target is faster
trajectory:6sup_A_analysis,trajectory,6sup_A_analysis,6sup_A,,zsasa_cli_bitmask_f32,zsasa CLI bitmask f32,mdtraj,MDTraj,rss_reduction,2.314840917031094,432.328125,1000.7708333333334,higher means target uses less memory
trajectory:6sup_A_analysis,trajectory,6sup_A_analysis,6sup_A,,zsasa_cli_bitmask_f32,zsasa CLI bitmask f32,mdsasa_bolt,mdsasa-bolt (Rust),runtime_speedup,8.69261239110469,6.574400739800001,57.14871733487333,higher means target is faster
trajectory:6sup_A_analysis,trajectory,6sup_A_analysis,6sup_A,,zsasa_cli_bitmask_f32,zsasa CLI bitmask f32,mdsasa_bolt,mdsasa-bolt (Rust),rss_reduction,27.00166251039069,432.328125,11673.578125,higher means target uses less memory
trajectory:6sup_A_analysis,trajectory,6sup_A_analysis,6sup_A,,zsasa_mdtraj,zsasa + MDTraj,mdtraj,MDTraj,runtime_speedup,60.25702029374292,15.222574378193334,917.2669732298067,higher means target is faster
trajectory:6sup_A_analysis,trajectory,6sup_A_analysis,6sup_A,,zsasa_mdtraj,zsasa + MDTraj,mdtraj,MDTraj,rss_reduction,0.7377340597488261,1356.546875,1000.7708333333334,higher means target uses less memory
trajectory:6sup_A_analysis,trajectory,6sup_A_analysis,6sup_A,,zsasa_mdtraj,zsasa + MDTraj,mdsasa_bolt,mdsasa-bolt (Rust),runtime_speedup,3.754208448259586,15.222574378193334,57.14871733487333,higher means target is faster
trajectory:6sup_A_analysis,trajectory,6sup_A_analysis,6sup_A,,zsasa_mdtraj,zsasa + MDTraj,mdsasa_bolt,mdsasa-bolt (Rust),rss_reduction,8.60536288139693,1356.546875,11673.578125,higher means target uses less memory
trajectory:6sup_A_analysis,trajectory,6sup_A_analysis,6sup_A,,zsasa_mdtraj_bitmask,zsasa + MDTraj bitmask,mdtraj,MDTraj,runtime_speedup,131.96207405413242,6.950989364213334,917.2669732298067,higher means target is faster
trajectory:6sup_A_analysis,trajectory,6sup_A_analysis,6sup_A,,zsasa_mdtraj_bitmask,zsasa + MDTraj bitmask,mdtraj,MDTraj,rss_reduction,0.7341823419953615,1363.109375,1000.7708333333334,higher means target uses less memory
trajectory:6sup_A_analysis,trajectory,6sup_A_analysis,6sup_A,,zsasa_mdtraj_bitmask,zsasa + MDTraj bitmask,mdsasa_bolt,mdsasa-bolt (Rust),runtime_speedup,8.221666634838973,6.950989364213334,57.14871733487333,higher means target is faster
trajectory:6sup_A_analysis,trajectory,6sup_A_analysis,6sup_A,,zsasa_mdtraj_bitmask,zsasa + MDTraj bitmask,mdsasa_bolt,mdsasa-bolt (Rust),rss_reduction,8.563933561824413,1363.109375,11673.578125,higher means target uses less memory
trajectory:6sup_A_analysis,trajectory,6sup_A_analysis,6sup_A,,zsasa_mdanalysis,zsasa + MDAnalysis,mdtraj,MDTraj,runtime_speedup,59.31570184363099,15.464151054773334,917.2669732298067,higher means target is faster
trajectory:6sup_A_analysis,trajectory,6sup_A_analysis,6sup_A,,zsasa_mdanalysis,zsasa + MDAnalysis,mdtraj,MDTraj,rss_reduction,1.0292742242196666,972.3072916666666,1000.7708333333334,higher means target uses less memory
trajectory:6sup_A_analysis,trajectory,6sup_A_analysis,6sup_A,,zsasa_mdanalysis,zsasa + MDAnalysis,mdsasa_bolt,mdsasa-bolt (Rust),runtime_speedup,3.695561245648411,15.464151054773334,57.14871733487333,higher means target is faster
trajectory:6sup_A_analysis,trajectory,6sup_A_analysis,6sup_A,,zsasa_mdanalysis,zsasa + MDAnalysis,mdsasa_bolt,mdsasa-bolt (Rust),rss_reduction,12.006058398461564,972.3072916666666,11673.578125,higher means target uses less memory
trajectory:6sup_A_analysis,trajectory,6sup_A_analysis,6sup_A,,zsasa_mdanalysis_bitmask,zsasa + MDAnalysis bitmask,mdtraj,MDTraj,runtime_speedup,125.05411412305888,7.334960386246666,917.2669732298067,higher means target is faster
trajectory:6sup_A_analysis,trajectory,6sup_A_analysis,6sup_A,,zsasa_mdanalysis_bitmask,zsasa + MDAnalysis bitmask,mdtraj,MDTraj,rss_reduction,1.0252759976735624,976.0989583333334,1000.7708333333334,higher means target uses less memory
trajectory:6sup_A_analysis,trajectory,6sup_A_analysis,6sup_A,,zsasa_mdanalysis_bitmask,zsasa + MDAnalysis bitmask,mdsasa_bolt,mdsasa-bolt (Rust),runtime_speedup,7.791278251758439,7.334960386246666,57.14871733487333,higher means target is faster
trajectory:6sup_A_analysis,trajectory,6sup_A_analysis,6sup_A,,zsasa_mdanalysis_bitmask,zsasa + MDAnalysis bitmask,mdsasa_bolt,mdsasa-bolt (Rust),rss_reduction,11.95942073837715,976.0989583333334,11673.578125,higher means target uses less memory
trajectory:6sup_A_analysis,trajectory,6sup_A_analysis,6sup_A,,mdsasa_bolt,mdsasa-bolt (Rust),mdtraj,MDTraj,runtime_speedup,16.050525996146398,57.14871733487333,917.2669732298067,higher means target is faster
trajectory:6sup_A_analysis,trajectory,6sup_A_analysis,6sup_A,,mdsasa_bolt,mdsasa-bolt (Rust),mdtraj,MDTraj,rss_reduction,0.08572957002704201,11673.578125,1000.7708333333334,higher means target uses less memory
