dataset_id,input_format,structure_id,structure_role,n_atoms,expected_chains,variant,display_name,threads,runtime_mean_s,runtime_stddev_s,peak_rss_mean_mib,peak_rss_stddev_mib,atoms_per_sec,cpu_utilization_proxy,speedup_vs_1_thread,parallel_efficiency
single_file_large_structure_mmcif_subset,mmCIF,AF-P49792-F10-model_v6,single-medium,10919,1,zsasa_f64,zsasa f64,1,0.03136287086,0.0005264672799661897,6.515625,0.0,348150.52642154705,0.8568654355642745,1.0,1.0
single_file_large_structure_mmcif_subset,mmCIF,AF-P49792-F10-model_v6,single-medium,10919,1,zsasa_f64,zsasa f64,4,0.021027088760000003,0.000821275039330309,6.546875,0.0,519282.5371418653,1.3331412788500538,1.4915460346399374,0.37288650865998435
single_file_large_structure_mmcif_subset,mmCIF,AF-P49792-F10-model_v6,single-medium,10919,1,zsasa_f64,zsasa f64,8,0.01932643168666667,0.0009247168513703712,6.546875,0.0,564977.5487284097,1.6846841600767815,1.6227967670636938,0.20284959588296173
single_file_large_structure_mmcif_subset,mmCIF,AF-P49792-F10-model_v6,single-medium,10919,1,zsasa_f64,zsasa f64,10,0.018778848186666666,0.0008241768001177495,6.546875,0.0,581452.0619934876,1.8057149368054886,1.6701168542524472,0.16701168542524472
single_file_large_structure_mmcif_subset,mmCIF,AF-P49792-F10-model_v6,single-medium,10919,1,zsasa_f32,zsasa f32,1,0.03166003662666667,0.002869588134370738,6.484375,0.0,344882.7343049605,0.8646976730576929,1.0,1.0
single_file_large_structure_mmcif_subset,mmCIF,AF-P49792-F10-model_v6,single-medium,10919,1,zsasa_f32,zsasa f32,4,0.021680756680000007,0.0007655276060502337,6.46875,0.0,503626.333765026,1.3114954313178206,1.460282825639214,0.3650707064098035
single_file_large_structure_mmcif_subset,mmCIF,AF-P49792-F10-model_v6,single-medium,10919,1,zsasa_f32,zsasa f32,8,0.020911391993333334,0.00601027640968644,6.484375,0.0,522155.57928812376,1.5611866812632356,1.5140090452495973,0.18925113065619967
single_file_large_structure_mmcif_subset,mmCIF,AF-P49792-F10-model_v6,single-medium,10919,1,zsasa_f32,zsasa f32,10,0.020070469500000004,0.0008423174034406501,6.484375,0.0,544033.112927428,1.7073913824819424,1.5774437477243204,0.15774437477243203
single_file_large_structure_mmcif_subset,mmCIF,AF-P49792-F10-model_v6,single-medium,10919,1,zsasa_bitmask_f64,zsasa bitmask f64,1,0.031043168133333337,0.0001172392758265468,8.859375,0.0,351736.00687603356,0.8910838786767987,1.0,1.0
single_file_large_structure_mmcif_subset,mmCIF,AF-P49792-F10-model_v6,single-medium,10919,1,zsasa_bitmask_f64,zsasa bitmask f64,4,0.03063572648,0.0008998831196122081,8.875,0.0,356413.94066918176,0.9107599701136034,1.0132995590491163,0.25332488976227907
single_file_large_structure_mmcif_subset,mmCIF,AF-P49792-F10-model_v6,single-medium,10919,1,zsasa_bitmask_f64,zsasa bitmask f64,8,0.030675222300000003,0.0009683337295276887,8.875,0.0,355955.0406257365,0.9445871236603882,1.0119948872655222,0.12649936090819028
single_file_large_structure_mmcif_subset,mmCIF,AF-P49792-F10-model_v6,single-medium,10919,1,zsasa_bitmask_f64,zsasa bitmask f64,10,0.030780947740000005,0.0010170156522841718,8.890625,0.0,354732.4173456395,0.947413756706288,1.008518918765863,0.1008518918765863
single_file_large_structure_mmcif_subset,mmCIF,AF-P49792-F10-model_v6,single-medium,10919,1,zsasa_bitmask_f32,zsasa bitmask f32,1,0.031099272513333335,0.00019901351765227746,8.359375,0.0,351101.4605026097,0.8750950681670145,1.0,1.0
single_file_large_structure_mmcif_subset,mmCIF,AF-P49792-F10-model_v6,single-medium,10919,1,zsasa_bitmask_f32,zsasa bitmask f32,4,0.030664860180000003,0.0007840560489933127,8.401041666666666,0.009021097956087902,356075.3232170778,0.9093835692160651,1.014166454070991,0.25354161351774773
single_file_large_structure_mmcif_subset,mmCIF,AF-P49792-F10-model_v6,single-medium,10919,1,zsasa_bitmask_f32,zsasa bitmask f32,8,0.03008746740000001,0.00011218768019706966,8.390625,0.0,362908.57767576666,0.9382482399742732,1.0336287896844827,0.12920359871056034
single_file_large_structure_mmcif_subset,mmCIF,AF-P49792-F10-model_v6,single-medium,10919,1,zsasa_bitmask_f32,zsasa bitmask f32,10,0.03194790500666667,0.0014031292483282993,8.421875,0.0,341775.14919120667,0.9165306246911377,0.9734369908400488,0.09734369908400488
single_file_large_structure_mmcif_subset,mmCIF,AF-P49792-F10-model_v6,single-medium,10919,1,freesasa,FreeSASA,1,0.07240977494,0.004903606578395234,66.453125,0.0,150794.5579039249,0.9491567502262791,1.0,1.0
single_file_large_structure_mmcif_subset,mmCIF,AF-P49792-F10-model_v6,single-medium,10919,1,freesasa,FreeSASA,4,0.06230631658666667,0.0011367470685233118,66.51041666666667,0.036084391824351615,175247.0792397416,1.1603580069248511,1.1621578502282295,0.29053946255705737
single_file_large_structure_mmcif_subset,mmCIF,AF-P49792-F10-model_v6,single-medium,10919,1,freesasa,FreeSASA,8,0.07634467223333334,0.028323513710662288,66.65625,0.0,143022.42292203574,1.0214543820642865,0.9484587833279702,0.11855734791599627
single_file_large_structure_mmcif_subset,mmCIF,AF-P49792-F10-model_v6,single-medium,10919,1,freesasa,FreeSASA,10,0.054058446626666666,0.000569737332830959,66.61458333333333,0.018042195912175808,201985.08616808333,1.3789581089546348,1.3394719874226049,0.1339471987422605
single_file_large_structure_mmcif_subset,mmCIF,AF-P49792-F10-model_v6,single-medium,10919,1,rustsasa,RustSASA,1,0.04154055596666667,0.0007832108820722127,28.5,0.0,262851.5614659014,0.8723677176848311,1.0,1.0
single_file_large_structure_mmcif_subset,mmCIF,AF-P49792-F10-model_v6,single-medium,10919,1,rustsasa,RustSASA,4,0.03462356915333333,0.0016188990114341063,28.9375,0.0,315363.2126036547,1.0857954350934966,1.1997768278221372,0.2999442069555343
single_file_large_structure_mmcif_subset,mmCIF,AF-P49792-F10-model_v6,single-medium,10919,1,rustsasa,RustSASA,8,0.03399153278000001,0.00156489639541696,29.53125,0.0,321227.05588682776,1.2007519715031807,1.2220854009592756,0.15276067511990946
single_file_large_structure_mmcif_subset,mmCIF,AF-P49792-F10-model_v6,single-medium,10919,1,rustsasa,RustSASA,10,0.07807931644,0.015256245725103567,29.828125,0.0,139844.97428830204,0.576509316240286,0.532030220815118,0.0532030220815118
single_file_large_structure_mmcif_subset,mmCIF,AF-P49792-F10-model_v6,single-medium,10919,1,pdbtools_jl,PDBTools.jl,1,2.0155136704600003,0.031379627069448336,468.15625,0.0,5417.477519518862,1.3336498313371332,1.0,1.0
single_file_large_structure_mmcif_subset,mmCIF,AF-P49792-F10-model_v6,single-medium,10919,1,pdbtools_jl,PDBTools.jl,4,1.898087849906667,0.006997961312239597,461.5572916666667,0.15335866525349434,5752.63152363412,1.5176336192631856,1.06186532438902,0.265466331097255
single_file_large_structure_mmcif_subset,mmCIF,AF-P49792-F10-model_v6,single-medium,10919,1,pdbtools_jl,PDBTools.jl,8,1.9032118662933335,0.011342303545854214,466.359375,0.0,5737.14371656671,1.5363271417392532,1.0590064648899988,0.13237580811124985
single_file_large_structure_mmcif_subset,mmCIF,AF-P49792-F10-model_v6,single-medium,10919,1,pdbtools_jl,PDBTools.jl,10,1.9062428151933333,0.021514286828838727,466.859375,0.0,5728.021589365352,1.5424209426865687,1.0573226319311186,0.10573226319311187
single_file_large_structure_subset,PDB,AF-P49792-F10-model_v6,single-medium,10919,1,zsasa_f64,zsasa f64,1,0.04656811969333333,0.030799236487314852,6.484375,0.0,234473.71446185227,0.5588618745624898,1.0,1.0
single_file_large_structure_subset,PDB,AF-P49792-F10-model_v6,single-medium,10919,1,zsasa_f64,zsasa f64,4,0.03627445522666667,0.030996723690011517,6.484375,0.0,301010.7231596147,0.7536971447950165,1.2837717176548917,0.32094292941372293
single_file_large_structure_subset,PDB,AF-P49792-F10-model_v6,single-medium,10919,1,zsasa_f64,zsasa f64,8,0.03584488597333333,0.03316379180510839,6.484375,0.0,304618.07043055317,0.905319288525803,1.2991565861857537,0.1623945732732192
single_file_large_structure_subset,PDB,AF-P49792-F10-model_v6,single-medium,10919,1,zsasa_f64,zsasa f64,10,0.013658539533333333,0.0003878481519516812,6.484375,0.0,799426.613171375,2.349554766697287,3.4094508845316125,0.34094508845316124
single_file_large_structure_subset,PDB,AF-P49792-F10-model_v6,single-medium,10919,1,zsasa_f32,zsasa f32,1,0.028553201786666666,0.0016917695568682927,6.46875,0.0,382408.95299870666,0.8860377033144903,1.0,1.0
single_file_large_structure_subset,PDB,AF-P49792-F10-model_v6,single-medium,10919,1,zsasa_f32,zsasa f32,4,0.020511319853333335,0.0007062678283429967,6.46875,0.0,532340.1944914594,1.2887651073822752,1.3920704270050388,0.3480176067512597
single_file_large_structure_subset,PDB,AF-P49792-F10-model_v6,single-medium,10919,1,zsasa_f32,zsasa f32,8,0.018110630666666665,0.0009632198429498505,6.484375,0.0,602905.5641942306,1.6906269341770759,1.5765989772636668,0.19707487215795835
single_file_large_structure_subset,PDB,AF-P49792-F10-model_v6,single-medium,10919,1,zsasa_f32,zsasa f32,10,0.018299059779999998,0.0012883611721838713,6.484375,0.0,596697.3238665491,1.774893740833862,1.560364419262347,0.1560364419262347
single_file_large_structure_subset,PDB,AF-P49792-F10-model_v6,single-medium,10919,1,zsasa_bitmask_f64,zsasa bitmask f64,1,0.02927621756666667,0.0016530191784950147,7.6875,0.0,372964.84681245714,0.8807783977312451,1.0,1.0
single_file_large_structure_subset,PDB,AF-P49792-F10-model_v6,single-medium,10919,1,zsasa_bitmask_f64,zsasa bitmask f64,4,0.03006797752,0.0018714738384863945,7.6875,0.0,363143.8128067351,0.8732448549025875,0.9736676684420599,0.24341691711051497
single_file_large_structure_subset,PDB,AF-P49792-F10-model_v6,single-medium,10919,1,zsasa_bitmask_f64,zsasa bitmask f64,8,0.02966211432,0.0013162923371018323,7.703125,0.0,368112.6666226132,0.9122112146634507,0.9869902479246688,0.1233737809905836
single_file_large_structure_subset,PDB,AF-P49792-F10-model_v6,single-medium,10919,1,zsasa_bitmask_f64,zsasa bitmask f64,10,0.029680286393333335,0.003307508509883128,7.697916666666667,0.03608439182435161,367887.28569858347,0.9237945450831395,0.9863859525709487,0.09863859525709487
single_file_large_structure_subset,PDB,AF-P49792-F10-model_v6,single-medium,10919,1,zsasa_bitmask_f32,zsasa bitmask f32,1,0.03039230956,0.0008836229205611394,7.171875,0.0,359268.51753217005,0.8418800798763646,1.0,1.0
single_file_large_structure_subset,PDB,AF-P49792-F10-model_v6,single-medium,10919,1,zsasa_bitmask_f32,zsasa bitmask f32,4,0.028681394280000005,0.0010173537350125588,7.192708333333333,0.009021097956087904,380699.76282896375,0.9041952335658904,1.0596524444836017,0.26491311112090044
single_file_large_structure_subset,PDB,AF-P49792-F10-model_v6,single-medium,10919,1,zsasa_bitmask_f32,zsasa bitmask f32,8,0.0288592834,0.0008845088676565112,7.182291666666667,0.009021097956087904,378353.1229330524,0.9292187298963447,1.0531207285625117,0.13164009107031396
single_file_large_structure_subset,PDB,AF-P49792-F10-model_v6,single-medium,10919,1,zsasa_bitmask_f32,zsasa bitmask f32,10,0.028506617246666668,0.0008539767187607267,7.25,0.0,383033.8726450182,0.9493900930375956,1.0661492837616091,0.1066149283761609
single_file_large_structure_subset,PDB,AF-P49792-F10-model_v6,single-medium,10919,1,freesasa,FreeSASA,1,0.04009970333333334,0.0009453233445347342,46.359375,0.0,272296.2788336505,0.9660608461691857,1.0,1.0
single_file_large_structure_subset,PDB,AF-P49792-F10-model_v6,single-medium,10919,1,freesasa,FreeSASA,4,0.02788379350666667,0.0007812661077036009,46.375,0.0,391589.47283802694,1.431514928452014,1.4381007133676411,0.3595251783419103
single_file_large_structure_subset,PDB,AF-P49792-F10-model_v6,single-medium,10919,1,freesasa,FreeSASA,8,0.02607526280666667,0.00025455115113928256,46.375,0.0,418749.37487526826,1.6785796941412279,1.5378446472677942,0.19223058090847428
single_file_large_structure_subset,PDB,AF-P49792-F10-model_v6,single-medium,10919,1,freesasa,FreeSASA,10,0.02608286413333333,0.0005824177259255875,46.375,0.015625,418627.3387839243,1.745675874931138,1.537396473345379,0.1537396473345379
single_file_large_structure_subset,PDB,AF-P49792-F10-model_v6,single-medium,10919,1,rustsasa,RustSASA,1,0.02593224364,0.0008244916602907525,16.15625,0.0,421058.8235858484,0.9110894399005935,1.0,1.0
single_file_large_structure_subset,PDB,AF-P49792-F10-model_v6,single-medium,10919,1,rustsasa,RustSASA,4,0.019793836633333336,0.0011521297112306132,16.578125,0.0,551636.360462434,1.2300367593044308,1.31011708949489,0.3275292723737225
single_file_large_structure_subset,PDB,AF-P49792-F10-model_v6,single-medium,10919,1,rustsasa,RustSASA,8,0.01945830758666667,0.00010511273518148655,17.088541666666668,0.009021097956087904,561148.4941003799,1.4347595857958095,1.3327080746616133,0.16658850933270167
single_file_large_structure_subset,PDB,AF-P49792-F10-model_v6,single-medium,10919,1,rustsasa,RustSASA,10,0.020577653333333334,0.0012208335317709504,17.4375,0.0,530624.1592821727,1.4338376128408552,1.2602138455696925,0.12602138455696926
single_file_large_structure_subset,PDB,AF-P49792-F10-model_v6,single-medium,10919,1,pdbtools_jl,PDBTools.jl,1,1.4418966462866667,0.009636171199603093,421.484375,0.0,7572.664814860225,1.4701119705486627,1.0,1.0
single_file_large_structure_subset,PDB,AF-P49792-F10-model_v6,single-medium,10919,1,pdbtools_jl,PDBTools.jl,4,1.43140603154,0.02972519799101036,426.9583333333333,0.47811819167265884,7628.164028520006,1.6101006627172338,1.007328888180931,0.25183222204523276
single_file_large_structure_subset,PDB,AF-P49792-F10-model_v6,single-medium,10919,1,pdbtools_jl,PDBTools.jl,8,1.37372290532,0.03879262781804024,431.140625,0.0,7948.4734204504575,1.6603797737035948,1.049626995882977,0.13120337448537212
single_file_large_structure_subset,PDB,AF-P49792-F10-model_v6,single-medium,10919,1,pdbtools_jl,PDBTools.jl,10,1.3839466546533332,0.0065712208049168086,433.3125,0.15857643070456592,7889.754972336788,1.6398009362351211,1.0418729952043198,0.10418729952043197
single_file_large_structure_mmcif_subset,mmCIF,AF-0000000066638622,multi-medium-nvda,14618,2,zsasa_f64,zsasa f64,1,0.04264637153333334,0.0006350181871996548,9.578125,0.0,342772.42059325613,0.9449124325892435,1.0,1.0
single_file_large_structure_mmcif_subset,mmCIF,AF-0000000066638622,multi-medium-nvda,14618,2,zsasa_f64,zsasa f64,4,0.026697536773333336,0.0006608675000030904,9.572916666666666,0.009021097956087902,547541.1504855045,1.5547481784209627,1.5973897478036398,0.39934743695090996
single_file_large_structure_mmcif_subset,mmCIF,AF-0000000066638622,multi-medium-nvda,14618,2,zsasa_f64,zsasa f64,8,0.025416768760000003,0.0010056760004056977,9.59375,0.0,575132.1160463671,1.904476809138923,1.677883287841398,0.20973541098017476
single_file_large_structure_mmcif_subset,mmCIF,AF-0000000066638622,multi-medium-nvda,14618,2,zsasa_f64,zsasa f64,10,0.02381453410666667,0.0001871206883279715,9.59375,0.0,613826.8308976835,2.1237254991763685,1.7907707680661642,0.17907707680661641
single_file_large_structure_mmcif_subset,mmCIF,AF-0000000066638622,multi-medium-nvda,14618,2,zsasa_f32,zsasa f32,1,0.04431492004666667,0.0016693315735564157,9.578125,0.0,329866.3290965263,0.9088228815694938,1.0,1.0
single_file_large_structure_mmcif_subset,mmCIF,AF-0000000066638622,multi-medium-nvda,14618,2,zsasa_f32,zsasa f32,4,0.026596856240000005,0.0006575596780619991,9.598958333333334,0.009021097956087902,549613.8290966676,1.5441484122310436,1.6661713567492917,0.41654283918732293
single_file_large_structure_mmcif_subset,mmCIF,AF-0000000066638622,multi-medium-nvda,14618,2,zsasa_f32,zsasa f32,8,0.025256237673333338,0.0006389056887384348,9.59375,0.0,578787.7113396956,1.9061215935115272,1.754612884937187,0.21932661061714837
single_file_large_structure_mmcif_subset,mmCIF,AF-0000000066638622,multi-medium-nvda,14618,2,zsasa_f32,zsasa f32,10,0.024445246533333336,0.00014775705328793476,9.609375,0.0,597989.4692437246,2.0515257747533506,1.8128236091315018,0.18128236091315017
single_file_large_structure_mmcif_subset,mmCIF,AF-0000000066638622,multi-medium-nvda,14618,2,zsasa_bitmask_f64,zsasa bitmask f64,1,0.03647012993333334,0.00030956577043066933,11.796875,0.0,400821.1658889455,0.924085913456822,1.0,1.0
single_file_large_structure_mmcif_subset,mmCIF,AF-0000000066638622,multi-medium-nvda,14618,2,zsasa_bitmask_f64,zsasa bitmask f64,4,0.03419293550666667,0.0003414197582102324,11.84375,0.0,427515.2098932804,0.9877453582991832,1.0665983891971687,0.26664959729929216
single_file_large_structure_mmcif_subset,mmCIF,AF-0000000066638622,multi-medium-nvda,14618,2,zsasa_bitmask_f64,zsasa bitmask f64,8,0.03429669950000001,0.000168506261355474,11.838541666666666,0.009021097956087902,426221.77098994603,1.033428498467226,1.0633714166383075,0.13292142707978843
single_file_large_structure_mmcif_subset,mmCIF,AF-0000000066638622,multi-medium-nvda,14618,2,zsasa_bitmask_f64,zsasa bitmask f64,10,0.033700727793333336,0.0003036802116064406,11.890625,0.0,433759.1784261623,1.0520320772918208,1.0821763303446474,0.10821763303446474
single_file_large_structure_mmcif_subset,mmCIF,AF-0000000066638622,multi-medium-nvda,14618,2,zsasa_bitmask_f32,zsasa bitmask f32,1,0.03766955360666668,0.004444764389177039,11.838541666666666,0.009021097956087902,388058.7530353144,0.8868976879536832,1.0,1.0
single_file_large_structure_mmcif_subset,mmCIF,AF-0000000066638622,multi-medium-nvda,14618,2,zsasa_bitmask_f32,zsasa bitmask f32,4,0.03481921374,8.579458165292272e-05,11.838541666666666,0.009021097956087902,419825.67754558375,0.9714925477425979,1.081861120930259,0.2704652802325648
single_file_large_structure_mmcif_subset,mmCIF,AF-0000000066638622,multi-medium-nvda,14618,2,zsasa_bitmask_f32,zsasa bitmask f32,8,0.037059984920000004,0.0020821498392586935,11.854166666666666,0.009021097956087902,394441.6068046257,0.9571763204052592,1.0164481633757414,0.12705602042196767
single_file_large_structure_mmcif_subset,mmCIF,AF-0000000066638622,multi-medium-nvda,14618,2,zsasa_bitmask_f32,zsasa bitmask f32,10,0.034760275086666674,0.00023069644513154644,11.953125,0.0,420537.5234676196,1.0340660397646722,1.0836954975973692,0.10836954975973692
single_file_large_structure_mmcif_subset,mmCIF,AF-0000000066638622,multi-medium-nvda,14618,2,rustsasa,RustSASA,1,0.05323022709333334,0.00046129616169694726,28.84375,0.0,274618.40383226145,0.9538958615431612,1.0,1.0
single_file_large_structure_mmcif_subset,mmCIF,AF-0000000066638622,multi-medium-nvda,14618,2,rustsasa,RustSASA,4,0.04531200074666667,0.0004540309449347413,29.28125,0.0,322607.6924240728,1.1279067905005942,1.1747489895874696,0.2936872473968674
single_file_large_structure_mmcif_subset,mmCIF,AF-0000000066638622,multi-medium-nvda,14618,2,rustsasa,RustSASA,8,0.04491815185333334,0.0002421744785197949,29.859375,0.0,325436.3636271293,1.2411041943287264,1.185049359714099,0.14813116996426237
single_file_large_structure_mmcif_subset,mmCIF,AF-0000000066638622,multi-medium-nvda,14618,2,rustsasa,RustSASA,10,0.04425753917333333,0.0003978607558107906,30.5,0.0,330294.00805022253,1.2984275163064511,1.2027380664988792,0.12027380664988792
single_file_large_structure_mmcif_subset,mmCIF,AF-0000000066638622,multi-medium-nvda,14618,2,pdbtools_jl,PDBTools.jl,1,1.87357574204,0.006674033226736852,453.65625,0.8389621099161749,7802.193245779071,1.3580224929842621,1.0,1.0
single_file_large_structure_mmcif_subset,mmCIF,AF-0000000066638622,multi-medium-nvda,14618,2,pdbtools_jl,PDBTools.jl,4,1.7490545288933335,0.002662644813990832,447.640625,0.0,8357.658242507248,1.5279148872643928,1.0711934425654837,0.2677983606413709
single_file_large_structure_mmcif_subset,mmCIF,AF-0000000066638622,multi-medium-nvda,14618,2,pdbtools_jl,PDBTools.jl,8,1.7480596171733334,0.0009847716061585487,451.515625,0.5412658773652742,8362.415020854814,1.5532522422722206,1.0718031145125533,0.13397538931406916
single_file_large_structure_mmcif_subset,mmCIF,AF-0000000066638622,multi-medium-nvda,14618,2,pdbtools_jl,PDBTools.jl,10,1.7480803560733336,0.009792800616105438,455.4166666666667,0.009021097956087904,8362.31581071938,1.5596101921333119,1.0717903988398814,0.10717903988398814
single_file_large_structure_subset,PDB,AF-0000000066638622,multi-medium-nvda,14618,2,zsasa_f64,zsasa f64,1,0.04240665436,0.0008404019567819923,7.994791666666667,0.009021097956087904,344710.05130242964,0.9138248210848327,1.0,1.0
single_file_large_structure_subset,PDB,AF-0000000066638622,multi-medium-nvda,14618,2,zsasa_f64,zsasa f64,4,0.024858564333333333,0.00014652117444360462,7.984375,0.0,588046.8318276305,1.5971737600882903,1.7059172762900103,0.4264793190725026
single_file_large_structure_subset,PDB,AF-0000000066638622,multi-medium-nvda,14618,2,zsasa_f64,zsasa f64,8,0.020897798686666667,0.000540219913828001,8.0,0.0,699499.5128040285,2.2642078579400535,2.0292402561546607,0.2536550320193326
single_file_large_structure_subset,PDB,AF-0000000066638622,multi-medium-nvda,14618,2,zsasa_f64,zsasa f64,10,0.021412837199999996,0.00017215206752171206,8.0,0.0,682674.5967134146,2.3088981407844456,1.9804313629209307,0.19804313629209308
single_file_large_structure_subset,PDB,AF-0000000066638622,multi-medium-nvda,14618,2,zsasa_f32,zsasa f32,1,0.051223902246666675,0.014721038808987714,7.953125,0.0,285374.58801181527,0.7494768063900269,1.0,1.0
single_file_large_structure_subset,PDB,AF-0000000066638622,multi-medium-nvda,14618,2,zsasa_f32,zsasa f32,4,0.024767084006666672,0.00031430166249374857,8.0,0.0,590218.8564493585,1.5922533844807205,2.0682249970516713,0.5170562492629178
single_file_large_structure_subset,PDB,AF-0000000066638622,multi-medium-nvda,14618,2,zsasa_f32,zsasa f32,8,0.022948506866666666,0.00032493098163199696,8.0,0.0,636991.3338995072,2.0322205247439147,2.2321235339747,0.2790154417468375
single_file_large_structure_subset,PDB,AF-0000000066638622,multi-medium-nvda,14618,2,zsasa_f32,zsasa f32,10,0.02196707057333333,0.0008394418784503985,7.984375,0.0,665450.5866496988,2.2030038023707523,2.3318494869702535,0.23318494869702536
single_file_large_structure_subset,PDB,AF-0000000066638622,multi-medium-nvda,14618,2,zsasa_bitmask_f64,zsasa bitmask f64,1,0.035782497973333334,0.0005553130671741228,10.255208333333334,0.009021097956087902,408523.7428335486,0.9055635716325626,1.0,1.0
single_file_large_structure_subset,PDB,AF-0000000066638622,multi-medium-nvda,14618,2,zsasa_bitmask_f64,zsasa bitmask f64,4,0.03443789031333334,0.0008460518688734962,10.260416666666666,0.009021097956087902,424474.3178806264,0.940658279933151,1.0390444260018856,0.2597611065004714
single_file_large_structure_subset,PDB,AF-0000000066638622,multi-medium-nvda,14618,2,zsasa_bitmask_f64,zsasa bitmask f64,8,0.032561223433333335,0.00012114415198569447,10.265625,0.0,448938.90519590763,1.0497660426258573,1.0989297759832433,0.1373662219979054
single_file_large_structure_subset,PDB,AF-0000000066638622,multi-medium-nvda,14618,2,zsasa_bitmask_f64,zsasa bitmask f64,10,0.03333072281333334,4.789136221004046e-05,10.359375,0.0,438574.34721314657,1.0414959653814264,1.0735590156184434,0.10735590156184434
single_file_large_structure_subset,PDB,AF-0000000066638622,multi-medium-nvda,14618,2,zsasa_bitmask_f32,zsasa bitmask f32,1,0.03492783339333334,0.000467390590108888,10.197916666666666,0.023867581744561668,418520.09070766275,0.9133909426158662,1.0,1.0
single_file_large_structure_subset,PDB,AF-0000000066638622,multi-medium-nvda,14618,2,zsasa_bitmask_f32,zsasa bitmask f32,4,0.03302255138666667,8.039794646838058e-05,10.234375,0.0,442667.1891228316,0.9713228885443108,1.057696390092861,0.2644240975232153
single_file_large_structure_subset,PDB,AF-0000000066638622,multi-medium-nvda,14618,2,zsasa_bitmask_f32,zsasa bitmask f32,8,0.033454708793333336,0.0012608800201939657,10.25,0.0,436948.95359283447,1.0056565392484011,1.0440334007717789,0.13050417509647236
single_file_large_structure_subset,PDB,AF-0000000066638622,multi-medium-nvda,14618,2,zsasa_bitmask_f32,zsasa bitmask f32,10,0.032492751066666666,0.0005592335346010049,10.302083333333334,0.009021097956087902,449884.95957168017,1.0529546501967886,1.0749423254950163,0.10749423254950163
single_file_large_structure_subset,PDB,AF-0000000066638622,multi-medium-nvda,14618,2,freesasa,FreeSASA,1,0.057510088193333336,0.0006035994168704383,61.432291666666664,0.03608439182435161,254181.4916168837,0.9780841663391366,1.0,1.0
single_file_large_structure_subset,PDB,AF-0000000066638622,multi-medium-nvda,14618,2,freesasa,FreeSASA,4,0.03834533802666667,0.0002538029990451927,61.53125,0.0,381219.7454051426,1.5041127892319963,1.4997934860644295,0.3749483715161074
single_file_large_structure_subset,PDB,AF-0000000066638622,multi-medium-nvda,14618,2,freesasa,FreeSASA,8,0.03624647340666667,0.0007538130073568196,61.458333333333336,0.018042195912175808,403294.4070446139,1.728612490481421,1.586639548297566,0.19832994353719574
single_file_large_structure_subset,PDB,AF-0000000066638622,multi-medium-nvda,14618,2,freesasa,FreeSASA,10,0.035057691646666674,0.00026940106295695107,61.46875,0.0,416969.8378127499,1.8423492905436198,1.6404413836756837,0.16404413836756837
single_file_large_structure_subset,PDB,AF-0000000066638622,multi-medium-nvda,14618,2,rustsasa,RustSASA,1,0.03896317363333334,0.00047433554589270944,20.21875,0.0,375174.7775364523,0.9535539126330697,1.0,1.0
single_file_large_structure_subset,PDB,AF-0000000066638622,multi-medium-nvda,14618,2,rustsasa,RustSASA,4,0.031297656380000004,0.0003526931555573444,20.723958333333332,0.07216878364870323,467063.72587505536,1.208022294309139,1.244923043446531,0.31123076086163276
single_file_large_structure_subset,PDB,AF-0000000066638622,multi-medium-nvda,14618,2,rustsasa,RustSASA,8,0.031250739160000006,0.0006691599485272546,21.296875,0.027063293868263706,467764.93589983927,1.3553778610848062,1.2467920657443206,0.15584900821804007
single_file_large_structure_subset,PDB,AF-0000000066638622,multi-medium-nvda,14618,2,rustsasa,RustSASA,10,0.030692213240000002,0.00036780346090269545,21.640625,0.0,476277.15491527057,1.4320863619804562,1.2694807418630243,0.12694807418630244
single_file_large_structure_subset,PDB,AF-0000000066638622,multi-medium-nvda,14618,2,pdbtools_jl,PDBTools.jl,1,1.4682960662066666,0.0015003914784302982,426.046875,0.0,9955.75779056979,1.4600514224208618,1.0,1.0
single_file_large_structure_subset,PDB,AF-0000000066638622,multi-medium-nvda,14618,2,pdbtools_jl,PDBTools.jl,4,1.3908184862266666,0.008262021830751308,428.796875,0.0,10510.3578538556,1.6098422970643267,1.055706464033419,0.26392661600835476
single_file_large_structure_subset,PDB,AF-0000000066638622,multi-medium-nvda,14618,2,pdbtools_jl,PDBTools.jl,8,1.3901144451933334,0.003999875026523994,436.21875,0.2927342811749249,10515.680957453087,1.6381814038459388,1.0562411399174116,0.13203014248967646
single_file_large_structure_subset,PDB,AF-0000000066638622,multi-medium-nvda,14618,2,pdbtools_jl,PDBTools.jl,10,1.3930495615399998,0.002537910069474695,441.109375,0.0,10493.524712674238,1.6445762184278299,1.05401566946655,0.10540156694665499
single_file_large_structure_mmcif_subset,mmCIF,AF-Q6ZS30-F1-model_v6,single-large,21611,1,zsasa_f64,zsasa f64,1,0.06211770264666667,0.0009930617045165598,9.265625,0.015625,347904.04472821695,0.925620838347044,1.0,1.0
single_file_large_structure_mmcif_subset,mmCIF,AF-Q6ZS30-F1-model_v6,single-large,21611,1,zsasa_f64,zsasa f64,4,0.03832527214666667,0.0020247013278746387,9.25,0.0,563883.7975447908,1.545569368430918,1.6208026497228496,0.4052006624307124
single_file_large_structure_mmcif_subset,mmCIF,AF-Q6ZS30-F1-model_v6,single-large,21611,1,zsasa_f64,zsasa f64,8,0.03382239743333334,0.0002359976270480987,9.276041666666666,0.009021097956087902,638955.2970807884,2.0681279854434282,1.83658484792823,0.22957310599102876
single_file_large_structure_mmcif_subset,mmCIF,AF-Q6ZS30-F1-model_v6,single-large,21611,1,zsasa_f64,zsasa f64,10,0.05030695582,0.03072005357870763,9.28125,0.0,429582.74154621665,1.460489750089858,1.2347736338673707,0.12347736338673707
single_file_large_structure_mmcif_subset,mmCIF,AF-Q6ZS30-F1-model_v6,single-large,21611,1,zsasa_f32,zsasa f32,1,0.07592279697333335,0.030778526954257552,9.265625,0.0,284644.41329249914,0.7633052123596218,1.0,1.0
single_file_large_structure_mmcif_subset,mmCIF,AF-Q6ZS30-F1-model_v6,single-large,21611,1,zsasa_f32,zsasa f32,4,0.05569677498666667,0.03174358926067593,9.255208333333334,0.009021097956087902,388011.69376814883,1.070596517439438,1.3631452986552384,0.3407863246638096
single_file_large_structure_mmcif_subset,mmCIF,AF-Q6ZS30-F1-model_v6,single-large,21611,1,zsasa_f32,zsasa f32,8,0.03286729759333333,0.0006046818887202874,9.265625,0.0,657522.874785528,2.099781192455929,2.3099799050328134,0.28874748812910167
single_file_large_structure_mmcif_subset,mmCIF,AF-Q6ZS30-F1-model_v6,single-large,21611,1,zsasa_f32,zsasa f32,10,0.03311465150666667,0.0008611026715330388,9.291666666666666,0.009021097956087902,652611.4277738739,2.159794635080729,2.292725229436538,0.2292725229436538
single_file_large_structure_mmcif_subset,mmCIF,AF-Q6ZS30-F1-model_v6,single-large,21611,1,zsasa_bitmask_f64,zsasa bitmask f64,1,0.046285152,0.000502851829706323,12.25,0.0,466909.99307942204,0.9042905739332272,1.0,1.0
single_file_large_structure_mmcif_subset,mmCIF,AF-Q6ZS30-F1-model_v6,single-large,21611,1,zsasa_bitmask_f64,zsasa bitmask f64,4,0.04205759286666667,0.0004200089466860597,12.234375,0.0,513843.00733787596,0.9996579404806735,1.1005183331993293,0.27512958329983234
single_file_large_structure_mmcif_subset,mmCIF,AF-Q6ZS30-F1-model_v6,single-large,21611,1,zsasa_bitmask_f64,zsasa bitmask f64,8,0.041627340840000006,0.0004119521527301468,12.25,0.0,519153.9878337325,1.0609397359718544,1.1118930747439018,0.13898663434298772
single_file_large_structure_mmcif_subset,mmCIF,AF-Q6ZS30-F1-model_v6,single-large,21611,1,zsasa_bitmask_f64,zsasa bitmask f64,10,0.04261941673333334,0.0006119230319021593,12.234375,0.0,507069.351399586,1.0523568075546836,1.086010920553017,0.1086010920553017
single_file_large_structure_mmcif_subset,mmCIF,AF-Q6ZS30-F1-model_v6,single-large,21611,1,zsasa_bitmask_f32,zsasa bitmask f32,1,0.0630924509,0.032112041733599425,11.75,0.0,342529.0932864997,0.6738821004231004,1.0,1.0
single_file_large_structure_mmcif_subset,mmCIF,AF-Q6ZS30-F1-model_v6,single-large,21611,1,zsasa_bitmask_f32,zsasa bitmask f32,4,0.03925758924,0.00022385897879915128,11.765625,0.0,550492.2848899827,1.0575555148378235,1.6071402274420454,0.40178505686051136
single_file_large_structure_mmcif_subset,mmCIF,AF-Q6ZS30-F1-model_v6,single-large,21611,1,zsasa_bitmask_f32,zsasa bitmask f32,8,0.04012961406666667,0.0009353156479554545,11.78125,0.0,538529.9735028101,1.0957365947655902,1.5722167373746865,0.1965270921718358
single_file_large_structure_mmcif_subset,mmCIF,AF-Q6ZS30-F1-model_v6,single-large,21611,1,zsasa_bitmask_f32,zsasa bitmask f32,10,0.06074357032,0.031005131120227365,11.848958333333334,0.018042195912175808,355774.2800785701,0.75737453513143,1.0386687935468064,0.10386687935468064
single_file_large_structure_mmcif_subset,mmCIF,AF-Q6ZS30-F1-model_v6,single-large,21611,1,freesasa,FreeSASA,1,0.13924942568666668,0.0028247167886684367,129.72916666666666,0.009021097956087904,155196.33128418197,1.0081290651008767,1.0,1.0
single_file_large_structure_mmcif_subset,mmCIF,AF-Q6ZS30-F1-model_v6,single-large,21611,1,freesasa,FreeSASA,4,0.15548641936,0.026929033413476165,129.828125,0.0,138989.63066326542,0.9334928452107614,0.8955729140836438,0.22389322852091095
single_file_large_structure_mmcif_subset,mmCIF,AF-Q6ZS30-F1-model_v6,single-large,21611,1,freesasa,FreeSASA,8,0.10895442688000001,0.0016495031957353063,129.90104166666666,0.009021097956087904,198348.98515690304,1.3857328333520085,1.2780520229805157,0.15975650287256446
single_file_large_structure_mmcif_subset,mmCIF,AF-Q6ZS30-F1-model_v6,single-large,21611,1,freesasa,FreeSASA,10,0.11140790010666668,0.0005106738007870948,129.95833333333334,0.018042195912175804,193980.85754518938,1.3853008016986936,1.24990620551454,0.124990620551454
single_file_large_structure_mmcif_subset,mmCIF,AF-Q6ZS30-F1-model_v6,single-large,21611,1,rustsasa,RustSASA,1,0.08399301854,0.003702463049253565,66.53125,0.0,257295.1940012513,0.9467352729496666,1.0,1.0
single_file_large_structure_mmcif_subset,mmCIF,AF-Q6ZS30-F1-model_v6,single-large,21611,1,rustsasa,RustSASA,4,0.07291980048,0.0008863757932587073,66.734375,0.027063293868263706,296366.69132038194,1.1246342711697264,1.1518547498362546,0.28796368745906364
single_file_large_structure_mmcif_subset,mmCIF,AF-Q6ZS30-F1-model_v6,single-large,21611,1,rustsasa,RustSASA,8,0.06938429076000001,0.0005179239888371598,67.359375,0.0,311468.19781948,1.242353935198842,1.210548059510063,0.15131850743875788
single_file_large_structure_mmcif_subset,mmCIF,AF-Q6ZS30-F1-model_v6,single-large,21611,1,rustsasa,RustSASA,10,0.08680858288000003,0.03082993102462244,66.890625,0.7577722283113838,248950.03792279385,1.0244109170970948,0.9675658299376674,0.09675658299376674
single_file_large_structure_mmcif_subset,mmCIF,AF-Q6ZS30-F1-model_v6,single-large,21611,1,pdbtools_jl,PDBTools.jl,1,2.12024873454,0.0042013605301901204,470.3385416666667,1.4232765528291869,10192.67204264533,1.3172394105634324,1.0,1.0
single_file_large_structure_mmcif_subset,mmCIF,AF-Q6ZS30-F1-model_v6,single-large,21611,1,pdbtools_jl,PDBTools.jl,4,1.9436227901066667,0.007639568167506066,469.90625,0.0,11118.92704181246,1.518325312412109,1.0908746004278125,0.2727186501069531
single_file_large_structure_mmcif_subset,mmCIF,AF-Q6ZS30-F1-model_v6,single-large,21611,1,pdbtools_jl,PDBTools.jl,8,1.9342486383133333,0.005283760070203126,478.3958333333333,1.019384069037933,11172.813862671148,1.5443629914808468,1.096161420275761,0.13702017753447013
single_file_large_structure_mmcif_subset,mmCIF,AF-Q6ZS30-F1-model_v6,single-large,21611,1,pdbtools_jl,PDBTools.jl,10,1.9167015961666667,0.010112785155006113,479.65625,0.0,11275.098869443847,1.5629891994271783,1.1061965716418352,0.11061965716418351
single_file_large_structure_subset,PDB,AF-Q6ZS30-F1-model_v6,single-large,21611,1,zsasa_f64,zsasa f64,1,0.05520425141333334,0.001398196443251568,9.875,0.0,391473.47254455026,0.9754169039776966,1.0,1.0
single_file_large_structure_subset,PDB,AF-Q6ZS30-F1-model_v6,single-large,21611,1,zsasa_f64,zsasa f64,4,0.03395608162666666,0.0005021225315820169,9.885416666666666,0.009021097956087902,636439.7470121605,1.6492130614197347,1.6257544677940665,0.40643861694851663
single_file_large_structure_subset,PDB,AF-Q6ZS30-F1-model_v6,single-large,21611,1,zsasa_f64,zsasa f64,8,0.028494627633333335,0.0029723147788880537,9.864583333333334,0.023867581744561668,758423.6677204095,2.304334493444027,1.9373564772874867,0.24216955966093584
single_file_large_structure_subset,PDB,AF-Q6ZS30-F1-model_v6,single-large,21611,1,zsasa_f64,zsasa f64,10,0.02740284702,0.0006066166977400132,9.890625,0.015625,788640.6833650236,2.5056817374931772,2.014544378291878,0.20145443782918782
single_file_large_structure_subset,PDB,AF-Q6ZS30-F1-model_v6,single-large,21611,1,zsasa_f32,zsasa f32,1,0.05832862353333334,0.0012172710969814116,9.880208333333334,0.009021097956087902,370504.2000116779,0.9179744595904533,1.0,1.0
single_file_large_structure_subset,PDB,AF-Q6ZS30-F1-model_v6,single-large,21611,1,zsasa_f32,zsasa f32,4,0.03376593918,0.0008430978796011753,9.875,0.0,640023.6606716531,1.633463820034044,1.7274396907011587,0.43185992267528966
single_file_large_structure_subset,PDB,AF-Q6ZS30-F1-model_v6,single-large,21611,1,zsasa_f32,zsasa f32,8,0.030035146913333338,0.0006146181764399203,9.890625,0.0,719523.698763942,2.1813579555884206,1.9420122598914218,0.24275153248642772
single_file_large_structure_subset,PDB,AF-Q6ZS30-F1-model_v6,single-large,21611,1,zsasa_f32,zsasa f32,10,0.029664581026666668,0.0005213970596352969,9.901041666666666,0.023867581744561668,728511.8903440104,2.2880936676295605,1.9662716112828098,0.196627161128281
single_file_large_structure_subset,PDB,AF-Q6ZS30-F1-model_v6,single-large,21611,1,zsasa_bitmask_f64,zsasa bitmask f64,1,0.042962481733333335,0.00046529957307989774,12.421875,0.0,503020.2895200222,0.8870643670730467,1.0,1.0
single_file_large_structure_subset,PDB,AF-Q6ZS30-F1-model_v6,single-large,21611,1,zsasa_bitmask_f64,zsasa bitmask f64,4,0.03922215448,0.0004520064096359747,12.411458333333334,0.009021097956087902,550989.6201907978,0.982748156265994,1.0953626159226053,0.2738406539806513
single_file_large_structure_subset,PDB,AF-Q6ZS30-F1-model_v6,single-large,21611,1,zsasa_bitmask_f64,zsasa bitmask f64,8,0.038238087366666666,0.0006463168443544794,12.4375,0.0,565169.4812235557,1.0604974287674034,1.1235520574385494,0.14044400717981867
single_file_large_structure_subset,PDB,AF-Q6ZS30-F1-model_v6,single-large,21611,1,zsasa_bitmask_f64,zsasa bitmask f64,10,0.03533655119333333,0.0005197872913955613,12.53125,0.0,611576.3782877934,1.1728469606418652,1.2158085688180778,0.12158085688180778
single_file_large_structure_subset,PDB,AF-Q6ZS30-F1-model_v6,single-large,21611,1,zsasa_bitmask_f32,zsasa bitmask f32,1,0.04143187029333333,0.00034342236160351365,12.40625,0.0,521603.29347906256,0.9110218711529776,1.0,1.0
single_file_large_structure_subset,PDB,AF-Q6ZS30-F1-model_v6,single-large,21611,1,zsasa_bitmask_f32,zsasa bitmask f32,4,0.03925961568,0.0009244049471097601,12.395833333333334,0.009021097956087902,550463.8704603845,0.9750131104696539,1.0553305114099714,0.26383262785249284
single_file_large_structure_subset,PDB,AF-Q6ZS30-F1-model_v6,single-large,21611,1,zsasa_bitmask_f32,zsasa bitmask f32,8,0.03792477783333334,0.0005209333640652432,12.4375,0.0,569838.5391991771,1.0636226667062827,1.0924749638722338,0.13655937048402922
single_file_large_structure_subset,PDB,AF-Q6ZS30-F1-model_v6,single-large,21611,1,zsasa_bitmask_f32,zsasa bitmask f32,10,0.03907241778666667,0.0010943369835413276,12.473958333333334,0.018042195912175808,553101.1701910774,1.0536464254173168,1.0603866522811347,0.10603866522811348
single_file_large_structure_subset,PDB,AF-Q6ZS30-F1-model_v6,single-large,21611,1,freesasa,FreeSASA,1,0.08087290288,0.00040617501291438207,89.6875,0.0,267221.7668761886,0.9851050701726296,1.0,1.0
single_file_large_structure_subset,PDB,AF-Q6ZS30-F1-model_v6,single-large,21611,1,freesasa,FreeSASA,4,0.05476582669333333,0.0006886615415066606,89.609375,0.0,394607.3912298071,1.5517488148683722,1.4767037724611705,0.3691759431152926
single_file_large_structure_subset,PDB,AF-Q6ZS30-F1-model_v6,single-large,21611,1,freesasa,FreeSASA,8,0.05120258478666667,0.0012692508210957899,89.59375,0.0,422068.53599366685,1.7975352946888816,1.5794691462736385,0.19743364328420482
single_file_large_structure_subset,PDB,AF-Q6ZS30-F1-model_v6,single-large,21611,1,freesasa,FreeSASA,10,0.05044270658666667,0.0009159644175525245,89.6875,0.08118988160479113,428426.65396769874,1.8685756516928782,1.6032625596933536,0.16032625596933536
single_file_large_structure_subset,PDB,AF-Q6ZS30-F1-model_v6,single-large,21611,1,rustsasa,RustSASA,1,0.0550696018,0.0009994154508966755,28.010416666666668,0.009021097956087904,392430.6567257583,0.9584185274909082,1.0,1.0
single_file_large_structure_subset,PDB,AF-Q6ZS30-F1-model_v6,single-large,21611,1,rustsasa,RustSASA,4,0.04468362001333334,0.0015714163252462192,28.4375,0.0,483644.7896019033,1.2049610121994108,1.232433759475341,0.30810843986883524
single_file_large_structure_subset,PDB,AF-Q6ZS30-F1-model_v6,single-large,21611,1,rustsasa,RustSASA,8,0.042750627640000004,0.0003571109129052226,29.104166666666668,0.009021097956087904,505513.0460770002,1.397619558629089,1.2881589076010111,0.1610198634501264
single_file_large_structure_subset,PDB,AF-Q6ZS30-F1-model_v6,single-large,21611,1,rustsasa,RustSASA,10,0.042346378399999995,3.700299200064845e-05,29.328125,0.015625,510338.80148768524,1.465548546964605,1.300455998381198,0.1300455998381198
single_file_large_structure_subset,PDB,AF-Q6ZS30-F1-model_v6,single-large,21611,1,pdbtools_jl,PDBTools.jl,1,1.4975145689466667,0.002335485031545806,436.140625,0.0,14431.24524337744,1.449329316504275,1.0,1.0
single_file_large_structure_subset,PDB,AF-Q6ZS30-F1-model_v6,single-large,21611,1,pdbtools_jl,PDBTools.jl,4,1.393110015886667,0.03197092315715685,438.0260416666667,0.7126667385309443,15512.773401636436,1.6308745617772504,1.074943509033312,0.268735877258328
single_file_large_structure_subset,PDB,AF-Q6ZS30-F1-model_v6,single-large,21611,1,pdbtools_jl,PDBTools.jl,8,1.4123805452400002,0.0014174312269881408,448.15625,0.3788861141556919,15301.11702036205,1.64278492399681,1.060276972798574,0.13253462159982174
single_file_large_structure_subset,PDB,AF-Q6ZS30-F1-model_v6,single-large,21611,1,pdbtools_jl,PDBTools.jl,10,1.4129878808666667,0.00023577019117428926,453.234375,0.0,15294.54023819704,1.654161099551017,1.0598212406663778,0.10598212406663779
single_file_large_structure_mmcif_subset,mmCIF,AF-0000000065781219,multi-large-nvda,24140,2,zsasa_f64,zsasa f64,1,0.06779766460666667,0.0008576991919223954,13.09375,0.0,356059.4622255804,0.9368598024012309,1.0,1.0
single_file_large_structure_mmcif_subset,mmCIF,AF-0000000065781219,multi-large-nvda,24140,2,zsasa_f64,zsasa f64,4,0.04009428642000001,0.001112301287821335,13.09375,0.0,602080.7989229702,1.6404179382990165,1.6909557610394967,0.4227389402598742
single_file_large_structure_mmcif_subset,mmCIF,AF-0000000065781219,multi-large-nvda,24140,2,zsasa_f64,zsasa f64,8,0.03586375372666667,0.0004659342030526766,13.109375,0.0,673102.9937351645,2.139992202664131,1.8904229915078683,0.23630287393848354
single_file_large_structure_mmcif_subset,mmCIF,AF-0000000065781219,multi-large-nvda,24140,2,zsasa_f64,zsasa f64,10,0.035651980800000004,0.0002397002255714419,13.109375,0.0,677101.2285522155,2.2559023331087023,1.9016521125992154,0.19016521125992153
single_file_large_structure_mmcif_subset,mmCIF,AF-0000000065781219,multi-large-nvda,24140,2,zsasa_f32,zsasa f32,1,0.06627939940666668,0.00018937148754850764,12.71875,0.0,364215.7324312129,0.9511024626704643,1.0,1.0
single_file_large_structure_mmcif_subset,mmCIF,AF-0000000065781219,multi-large-nvda,24140,2,zsasa_f32,zsasa f32,4,0.03911717128666667,0.0007120903780064281,12.703125,0.0,617120.2877399335,1.6441560373067008,1.6943811944106097,0.42359529860265244
single_file_large_structure_mmcif_subset,mmCIF,AF-0000000065781219,multi-large-nvda,24140,2,zsasa_f32,zsasa f32,8,0.036356406060000006,0.0005711192668707667,12.703125,0.0,663982.0217697282,2.0873720725152074,1.823045966019961,0.22788074575249512
single_file_large_structure_mmcif_subset,mmCIF,AF-0000000065781219,multi-large-nvda,24140,2,zsasa_f32,zsasa f32,10,0.03600908188000001,0.0009482329119013968,12.71875,0.0,670386.4341903069,2.192140497492369,1.840630084031086,0.1840630084031086
single_file_large_structure_mmcif_subset,mmCIF,AF-0000000065781219,multi-large-nvda,24140,2,zsasa_bitmask_f64,zsasa bitmask f64,1,0.046793316873333345,0.00047760163196154784,13.260416666666666,0.009021097956087902,515885.6352360212,0.9302960958685081,1.0,1.0
single_file_large_structure_mmcif_subset,mmCIF,AF-0000000065781219,multi-large-nvda,24140,2,zsasa_bitmask_f64,zsasa bitmask f64,4,0.04297813204,7.030230944286252e-05,13.25,0.0,561680.9957569296,1.019370656358258,1.0887703734955845,0.2721925933738961
single_file_large_structure_mmcif_subset,mmCIF,AF-0000000065781219,multi-large-nvda,24140,2,zsasa_bitmask_f64,zsasa bitmask f64,8,0.04336236266000001,0.00016033140722890023,13.255208333333334,0.009021097956087902,556703.9828820986,1.0716324130603385,1.0791228614601818,0.13489035768252272
single_file_large_structure_mmcif_subset,mmCIF,AF-0000000065781219,multi-large-nvda,24140,2,zsasa_bitmask_f64,zsasa bitmask f64,10,0.04316010180666666,0.0004911888883579649,13.270833333333334,0.018042195912175808,559312.8604778048,1.0985519345093309,1.0841799466308368,0.10841799466308369
single_file_large_structure_mmcif_subset,mmCIF,AF-0000000065781219,multi-large-nvda,24140,2,zsasa_bitmask_f32,zsasa bitmask f32,1,0.04680567520666667,0.0006924034726785636,12.682291666666666,0.009021097956087902,515749.4234067084,0.9301468922540479,1.0,1.0
single_file_large_structure_mmcif_subset,mmCIF,AF-0000000065781219,multi-large-nvda,24140,2,zsasa_bitmask_f32,zsasa bitmask f32,4,0.044558875453333334,0.0014783412369308879,12.703125,0.0,541755.1442760692,0.9850116926604342,1.0504231700300968,0.2626057925075242
single_file_large_structure_mmcif_subset,mmCIF,AF-0000000065781219,multi-large-nvda,24140,2,zsasa_bitmask_f32,zsasa bitmask f32,8,0.04352370348000001,0.00013391732417054994,12.75,0.0,554640.3010279859,1.0593286641577555,1.0754065363066998,0.13442581703833748
single_file_large_structure_mmcif_subset,mmCIF,AF-0000000065781219,multi-large-nvda,24140,2,zsasa_bitmask_f32,zsasa bitmask f32,10,0.04364769407333333,0.0006761482678187783,12.828125,0.0,553064.7268431161,1.078741523455793,1.0723516144524736,0.10723516144524736
single_file_large_structure_mmcif_subset,mmCIF,AF-0000000065781219,multi-large-nvda,24140,2,rustsasa,RustSASA,1,0.08382040970666667,0.0011673954772232582,34.09375,0.0,287996.6834387833,0.9656343478863848,1.0,1.0
single_file_large_structure_mmcif_subset,mmCIF,AF-0000000065781219,multi-large-nvda,24140,2,rustsasa,RustSASA,4,0.0704298856,0.000421029844834069,34.5625,0.0,342752.22505827836,1.155783883122858,1.190125597856525,0.29753139946413126
single_file_large_structure_mmcif_subset,mmCIF,AF-0000000065781219,multi-large-nvda,24140,2,rustsasa,RustSASA,8,0.06949727384666667,0.0005522818678540234,35.125,0.027063293868263706,347351.754448104,1.265190059022974,1.2060963699324587,0.15076204624155734
single_file_large_structure_mmcif_subset,mmCIF,AF-0000000065781219,multi-large-nvda,24140,2,rustsasa,RustSASA,10,0.07315959262666667,0.005265218254348186,35.104166666666664,0.03608439182435161,329963.5650404233,1.2472609089780484,1.1457200169826278,0.11457200169826279
single_file_large_structure_mmcif_subset,mmCIF,AF-0000000065781219,multi-large-nvda,24140,2,pdbtools_jl,PDBTools.jl,1,1.9059806417666667,0.005673492583913544,457.1875,0.0,12665.39621180227,1.3543926610611179,1.0,1.0
single_file_large_structure_mmcif_subset,mmCIF,AF-0000000065781219,multi-large-nvda,24140,2,pdbtools_jl,PDBTools.jl,4,1.7693475544600001,0.006338823999289031,453.6875,0.0,13643.447235197078,1.5368008543483733,1.0772222998032552,0.2693055749508138
single_file_large_structure_mmcif_subset,mmCIF,AF-0000000065781219,multi-large-nvda,24140,2,pdbtools_jl,PDBTools.jl,8,1.7842370919133337,0.005664087678363075,463.453125,0.0,13529.5920645352,1.5764594922660795,1.0682328320631318,0.13352910400789147
single_file_large_structure_mmcif_subset,mmCIF,AF-0000000065781219,multi-large-nvda,24140,2,pdbtools_jl,PDBTools.jl,10,1.7872744610666667,0.005140858625104476,467.3854166666667,0.44203379984830726,13506.599308532032,1.598454318143718,1.0664174324010398,0.10664174324010398
single_file_large_structure_subset,PDB,AF-0000000065781219,multi-large-nvda,24140,2,zsasa_f64,zsasa f64,1,0.06351083407333334,0.001009379506204838,13.796875,0.0,380092.6306860738,0.9545805460004522,1.0,1.0
single_file_large_structure_subset,PDB,AF-0000000065781219,multi-large-nvda,24140,2,zsasa_f64,zsasa f64,4,0.03689837761333334,0.0003502311915668438,13.78125,0.0,654229.3065827626,1.705117968220146,1.7212364928040498,0.43030912320101244
single_file_large_structure_subset,PDB,AF-0000000065781219,multi-large-nvda,24140,2,zsasa_f64,zsasa f64,8,0.03264419931333334,0.00014835979002523927,13.802083333333334,0.009021097956087902,739488.1941595104,2.264325512286108,1.945547307309593,0.24319341341369913
single_file_large_structure_subset,PDB,AF-0000000065781219,multi-large-nvda,24140,2,zsasa_f64,zsasa f64,10,0.03286279105333333,0.0006306588618043321,13.765625,0.0,734569.3785054035,2.3642860971213535,1.932606210174328,0.1932606210174328
single_file_large_structure_subset,PDB,AF-0000000065781219,multi-large-nvda,24140,2,zsasa_f32,zsasa f32,1,0.06332606272,0.0008968320348465419,13.375,0.0,381201.656365981,0.9487715497538936,1.0,1.0
single_file_large_structure_subset,PDB,AF-0000000065781219,multi-large-nvda,24140,2,zsasa_f32,zsasa f32,4,0.037317525260000005,0.0008894629447683631,13.380208333333334,0.018042195912175808,646881.0520475546,1.6575949120158777,1.6969523643058424,0.4242380910764606
single_file_large_structure_subset,PDB,AF-0000000065781219,multi-large-nvda,24140,2,zsasa_f32,zsasa f32,8,0.03279611127333334,0.0003401314800519576,13.390625,0.0,736062.8764431697,2.2118845959739417,1.9309015691592286,0.24136269614490358
single_file_large_structure_subset,PDB,AF-0000000065781219,multi-large-nvda,24140,2,zsasa_f32,zsasa f32,10,0.032300063346666665,0.0010211521485421944,13.375,0.0,747366.9553187185,2.3342854116862783,1.9605553723019307,0.19605553723019306
single_file_large_structure_subset,PDB,AF-0000000065781219,multi-large-nvda,24140,2,zsasa_bitmask_f64,zsasa bitmask f64,1,0.04362913189333334,0.00031993917163475707,13.817708333333334,0.009021097956087902,553300.0303333715,0.9379590705597572,1.0,1.0
single_file_large_structure_subset,PDB,AF-0000000065781219,multi-large-nvda,24140,2,zsasa_bitmask_f64,zsasa bitmask f64,4,0.04154438284666667,0.000781945471946309,13.859375,0.0,581065.3172799961,0.9959109711503722,1.0501812496375533,0.26254531240938833
single_file_large_structure_subset,PDB,AF-0000000065781219,multi-large-nvda,24140,2,zsasa_bitmask_f64,zsasa bitmask f64,8,0.0414452385,0.0006172397350454693,13.84375,0.0,582455.3283726429,1.0580580123013807,1.0526934690780785,0.1315866836347598
single_file_large_structure_subset,PDB,AF-0000000065781219,multi-large-nvda,24140,2,zsasa_bitmask_f64,zsasa bitmask f64,10,0.04093377759333333,0.0001628563560575166,13.822916666666666,0.04510548978043951,589733.0131566346,1.0948125476851196,1.0658467031012302,0.10658467031012302
single_file_large_structure_subset,PDB,AF-0000000065781219,multi-large-nvda,24140,2,zsasa_bitmask_f32,zsasa bitmask f32,1,0.04421753148666668,0.00033931211269910757,13.359375,0.0,545937.3055974225,0.9180039070907139,1.0,1.0
single_file_large_structure_subset,PDB,AF-0000000065781219,multi-large-nvda,24140,2,zsasa_bitmask_f32,zsasa bitmask f32,4,0.040654416660000005,0.00018213117697143242,13.338541666666666,0.023867581744561668,593785.4231653855,1.0058387261746202,1.0876439786718777,0.2719109946679694
single_file_large_structure_subset,PDB,AF-0000000065781219,multi-large-nvda,24140,2,zsasa_bitmask_f32,zsasa bitmask f32,8,0.04050090259333333,0.0007168773318506706,13.354166666666666,0.018042195912175808,596036.0993034652,1.0709068330855598,1.091766569517024,0.136470821189628
single_file_large_structure_subset,PDB,AF-0000000065781219,multi-large-nvda,24140,2,zsasa_bitmask_f32,zsasa bitmask f32,10,0.04054967998666667,0.00013817330683722463,13.473958333333334,0.009021097956087902,595319.1247856355,1.0909657819218188,1.0904532785759604,0.10904532785759605
single_file_large_structure_subset,PDB,AF-0000000065781219,multi-large-nvda,24140,2,freesasa,FreeSASA,1,0.09048107132666666,0.0022192227446726307,99.625,0.0,266796.13366696995,0.9882287940333796,1.0,1.0
single_file_large_structure_subset,PDB,AF-0000000065781219,multi-large-nvda,24140,2,freesasa,FreeSASA,4,0.05948356431333334,0.001972084047191023,99.671875,0.0,405826.3871485754,1.5119588248991418,1.521110450780186,0.3802776126950465
single_file_large_structure_subset,PDB,AF-0000000065781219,multi-large-nvda,24140,2,freesasa,FreeSASA,8,0.057350856260000006,2.3108834090020816e-05,99.70833333333333,0.018042195912175808,420917.86547285976,1.7996157929842678,1.5776760318358785,0.1972095039794848
single_file_large_structure_subset,PDB,AF-0000000065781219,multi-large-nvda,24140,2,freesasa,FreeSASA,10,0.05562215035333334,0.001146498319158528,99.796875,0.0,433999.76172538125,1.8997332177096282,1.6267093370518044,0.16267093370518043
single_file_large_structure_subset,PDB,AF-0000000065781219,multi-large-nvda,24140,2,rustsasa,RustSASA,1,0.06143184301333334,5.461621609315115e-05,30.526041666666668,0.009021097956087904,392955.8160050739,0.9706311429897723,1.0,1.0
single_file_large_structure_subset,PDB,AF-0000000065781219,multi-large-nvda,24140,2,rustsasa,RustSASA,4,0.04974500078,0.00013705801540953136,30.9375,0.0,485274.89439110627,1.2232426517747994,1.2349350095503877,0.3087337523875969
single_file_large_structure_subset,PDB,AF-0000000065781219,multi-large-nvda,24140,2,rustsasa,RustSASA,8,0.04795093034666667,0.0002863676947114209,31.609375,0.0,503431.3166705451,1.4045486259895925,1.2811397520174246,0.16014246900217807
single_file_large_structure_subset,PDB,AF-0000000065781219,multi-large-nvda,24140,2,rustsasa,RustSASA,10,0.047743154786666665,0.00013308230470026342,31.921875,0.0,505622.2218214543,1.4647702617436502,1.2867152011179945,0.12867152011179944
single_file_large_structure_subset,PDB,AF-0000000065781219,multi-large-nvda,24140,2,pdbtools_jl,PDBTools.jl,1,1.5125021557,0.006038394177642574,439.25,0.0,15960.307830984733,1.4431757723058873,1.0,1.0
single_file_large_structure_subset,PDB,AF-0000000065781219,multi-large-nvda,24140,2,pdbtools_jl,PDBTools.jl,4,1.4140435834666671,0.003502238122302743,440.9010416666667,0.27965403663872496,17071.60958986739,1.6160964909800477,1.0696290930382442,0.26740727325956104
single_file_large_structure_subset,PDB,AF-0000000065781219,multi-large-nvda,24140,2,pdbtools_jl,PDBTools.jl,8,1.416957595586667,0.000838444496923623,452.2395833333333,0.009021097956087904,17036.50135698327,1.6482810687309297,1.0674293715005456,0.1334286714375682
single_file_large_structure_subset,PDB,AF-0000000065781219,multi-large-nvda,24140,2,pdbtools_jl,PDBTools.jl,10,1.4058273545666669,0.019205971050417485,457.53125,0.0,17171.383044713148,1.7258245488812938,1.0758804420662413,0.10758804420662413
single_file_large_structure_mmcif_subset,mmCIF,3jc8,multi-100k-pdb,107500,3,zsasa_f64,zsasa f64,1,0.25011308915333336,0.0008322768500975715,40.078125,0.0,429805.57460587943,0.9890509162770985,1.0,1.0
single_file_large_structure_mmcif_subset,mmCIF,3jc8,multi-100k-pdb,107500,3,zsasa_f64,zsasa f64,4,0.14772939665999998,0.0006245451454970995,40.041666666666664,0.018042195912175808,727681.8455260589,1.7145088185546873,1.693048877258803,0.42326221931470076
single_file_large_structure_mmcif_subset,mmCIF,3jc8,multi-100k-pdb,107500,3,zsasa_f64,zsasa f64,8,0.13639428717333332,0.0009681107282213847,40.057291666666664,0.018042195912175808,788156.1774166265,2.1561879124716867,1.8337504769205129,0.2292188096150641
single_file_large_structure_mmcif_subset,mmCIF,3jc8,multi-100k-pdb,107500,3,zsasa_f64,zsasa f64,10,0.13359755535999998,0.0013475563023918613,40.078125,0.0,804655.4423119798,2.290526443457321,1.872138217494801,0.1872138217494801
single_file_large_structure_mmcif_subset,mmCIF,3jc8,multi-100k-pdb,107500,3,zsasa_f32,zsasa f32,1,0.24749369645333333,0.001489661687333164,40.203125,0.0,434354.4968640035,0.9895282594110215,1.0,1.0
single_file_large_structure_mmcif_subset,mmCIF,3jc8,multi-100k-pdb,107500,3,zsasa_f32,zsasa f32,4,0.14696686913333334,6.148840601556304e-05,40.203125,0.0,731457.3729026802,1.6917546210665528,1.684010130397475,0.42100253259936876
single_file_large_structure_mmcif_subset,mmCIF,3jc8,multi-100k-pdb,107500,3,zsasa_f32,zsasa f32,8,0.13600845561333333,0.0021305595181044168,40.234375,0.0,790392.0349306683,2.1331719808031138,1.8196934546257046,0.22746168182821308
single_file_large_structure_mmcif_subset,mmCIF,3jc8,multi-100k-pdb,107500,3,zsasa_f32,zsasa f32,10,0.13432384382000004,0.0010914553667983806,40.229166666666664,0.018042195912175808,800304.673711205,2.2414098502877895,1.842514995215488,0.1842514995215488
single_file_large_structure_mmcif_subset,mmCIF,3jc8,multi-100k-pdb,107500,3,zsasa_bitmask_f64,zsasa bitmask f64,1,0.13858078014666667,0.0023767978748417606,42.0,0.0,775720.8458938361,0.9784545869672066,1.0,1.0
single_file_large_structure_mmcif_subset,mmCIF,3jc8,multi-100k-pdb,107500,3,zsasa_bitmask_f64,zsasa bitmask f64,4,0.12967623802000003,0.0014832556212993205,42.03125,0.0,828987.6514108947,1.0435069323376203,1.0686674926927884,0.2671668731731971
single_file_large_structure_mmcif_subset,mmCIF,3jc8,multi-100k-pdb,107500,3,zsasa_bitmask_f64,zsasa bitmask f64,8,0.12739902471333334,0.00048151986439849025,42.03125,0.0,843805.5176787336,1.1183907698974829,1.0877695528556355,0.13597119410695443
single_file_large_structure_mmcif_subset,mmCIF,3jc8,multi-100k-pdb,107500,3,zsasa_bitmask_f64,zsasa bitmask f64,10,0.1267834612866667,0.0002786980426166236,42.03125,0.0,847902.3912822085,1.1337118570089824,1.0930509290429085,0.10930509290429084
single_file_large_structure_mmcif_subset,mmCIF,3jc8,multi-100k-pdb,107500,3,zsasa_bitmask_f32,zsasa bitmask f32,1,0.13755920362,0.0007799837108818341,40.1875,0.0,781481.6978510799,0.9743541433276584,1.0,1.0
single_file_large_structure_mmcif_subset,mmCIF,3jc8,multi-100k-pdb,107500,3,zsasa_bitmask_f32,zsasa bitmask f32,4,0.1275908363,0.0005622094249476836,40.21875,0.0,842536.9965225315,1.0512583078559745,1.078127611739778,0.2695319029349445
single_file_large_structure_mmcif_subset,mmCIF,3jc8,multi-100k-pdb,107500,3,zsasa_bitmask_f32,zsasa bitmask f32,8,0.12743297730000003,0.0004226753206812497,40.21875,0.0,843580.6984790582,1.105288309072568,1.0794631541579776,0.1349328942697472
single_file_large_structure_mmcif_subset,mmCIF,3jc8,multi-100k-pdb,107500,3,zsasa_bitmask_f32,zsasa bitmask f32,10,0.12876558418000003,0.0008829079218066885,40.25,0.0,834850.4042021577,1.1158301413765228,1.0682916906407807,0.10682916906407806
single_file_large_structure_mmcif_subset,mmCIF,3jc8,multi-100k-pdb,107500,3,freesasa,FreeSASA,1,0.7701455190866668,0.01278527864049497,637.4010416666666,0.1253250980782913,139584.01021080627,0.9944042621644922,1.0,1.0
single_file_large_structure_mmcif_subset,mmCIF,3jc8,multi-100k-pdb,107500,3,freesasa,FreeSASA,4,0.6350817479066667,0.0033182847676318517,638.953125,0.0,169269.5473525063,1.1925086114183747,1.212671473594057,0.30316786839851423
single_file_large_structure_mmcif_subset,mmCIF,3jc8,multi-100k-pdb,107500,3,freesasa,FreeSASA,8,0.6261689294666667,0.0028771783773294778,637.609375,0.0,171678.91113914273,1.287464008612895,1.2299325035859425,0.15374156294824282
single_file_large_structure_mmcif_subset,mmCIF,3jc8,multi-100k-pdb,107500,3,freesasa,FreeSASA,10,0.64142003478,0.005505031663462708,637.625,0.0,167596.885302891,1.3073414006381665,1.2006882811991026,0.12006882811991026
single_file_large_structure_mmcif_subset,mmCIF,3jc8,multi-100k-pdb,107500,3,rustsasa,RustSASA,1,0.38649437827333327,0.0056488724843367115,245.796875,0.0,278141.1736963862,0.9928682577851522,1.0,1.0
single_file_large_structure_mmcif_subset,mmCIF,3jc8,multi-100k-pdb,107500,3,rustsasa,RustSASA,4,0.3334140162933334,0.0013361413495290575,246.22916666666666,0.009021097956087904,322421.9581261481,1.1556628531007491,1.1592025511408028,0.2898006377852007
single_file_large_structure_mmcif_subset,mmCIF,3jc8,multi-100k-pdb,107500,3,rustsasa,RustSASA,8,0.32807157569333334,0.001193549090553174,246.796875,0.0,327672.3982344822,1.2579793879667902,1.1780794403066817,0.1472599300383352
single_file_large_structure_mmcif_subset,mmCIF,3jc8,multi-100k-pdb,107500,3,rustsasa,RustSASA,10,0.32491657932,0.0023346245960727896,246.75,0.0,330854.1540877379,1.2931385266519821,1.1895187961236267,0.11895187961236267
single_file_large_structure_mmcif_subset,mmCIF,3jc8,multi-100k-pdb,107500,3,pdbtools_jl,PDBTools.jl,1,1.7499921151066669,0.007263599380889738,481.515625,0.0,61428.8482056661,1.3868192847174088,1.0,1.0
single_file_large_structure_mmcif_subset,mmCIF,3jc8,multi-100k-pdb,107500,3,pdbtools_jl,PDBTools.jl,4,1.59989848592,0.006129418524944416,519.59375,0.05412658773652741,67191.76306875718,1.6414389682292096,1.0938144704227015,0.2734536176056754
single_file_large_structure_mmcif_subset,mmCIF,3jc8,multi-100k-pdb,107500,3,pdbtools_jl,PDBTools.jl,8,1.6136895089066667,0.010877673946549923,585.8072916666666,0.279654036638725,66617.52425522996,1.7353116101605406,1.0844664388332983,0.1355583048541623
single_file_large_structure_mmcif_subset,mmCIF,3jc8,multi-100k-pdb,107500,3,pdbtools_jl,PDBTools.jl,10,1.6141507237733335,0.0023387166363645294,619.546875,0.0,66598.48948225955,1.7512133605004503,1.0841565718322652,0.10841565718322652
single_file_large_structure_subset,PDB,3jc8,multi-100k-pdb,107500,3,zsasa_f64,zsasa f64,1,0.20027141604666668,0.00012205702175759452,39.59375,0.027063293868263706,536771.5579289191,0.9865270702799415,1.0,1.0
single_file_large_structure_subset,PDB,3jc8,multi-100k-pdb,107500,3,zsasa_f64,zsasa f64,4,0.09816629915333334,0.00035596159712156553,39.583333333333336,0.009021097956087904,1095080.5004076567,2.07396368973829,2.040123930248686,0.5100309825621715
single_file_large_structure_subset,PDB,3jc8,multi-100k-pdb,107500,3,zsasa_f64,zsasa f64,8,0.08680758938666666,0.0007204817274201558,39.609375,0.0,1238370.985296726,2.8172712592826623,2.307072658757964,0.2883840823447455
single_file_large_structure_subset,PDB,3jc8,multi-100k-pdb,107500,3,zsasa_f64,zsasa f64,10,0.08415057958666668,0.0006647533492283673,39.59375,0.0,1277471.8906039828,3.045347454433195,2.3799172510797404,0.23799172510797403
single_file_large_structure_subset,PDB,3jc8,multi-100k-pdb,107500,3,zsasa_f32,zsasa f32,1,0.19656317414000002,0.0003716552291775189,40.34375,0.0,546897.9653504897,0.9870182492159868,1.0,1.0
single_file_large_structure_subset,PDB,3jc8,multi-100k-pdb,107500,3,zsasa_f32,zsasa f32,4,0.09694197843333334,0.0001370215076049509,40.34375,0.0,1108910.7292557205,2.047984336010489,2.027637328189829,0.5069093320474573
single_file_large_structure_subset,PDB,3jc8,multi-100k-pdb,107500,3,zsasa_f32,zsasa f32,8,0.08618273516666668,0.0003909141431623286,40.359375,0.0,1247349.5972494767,2.792749222929725,2.280772056721933,0.28509650709024165
single_file_large_structure_subset,PDB,3jc8,multi-100k-pdb,107500,3,zsasa_f32,zsasa f32,10,0.08375317532,0.0003068420114048983,40.359375,0.0,1283533.4253211212,2.994236565262681,2.3469339925200585,0.23469339925200586
single_file_large_structure_subset,PDB,3jc8,multi-100k-pdb,107500,3,zsasa_bitmask_f64,zsasa bitmask f64,1,0.08810688150666666,0.0006884503215994134,43.5625,0.0,1220109.0103485952,0.972103259155597,1.0,1.0
single_file_large_structure_subset,PDB,3jc8,multi-100k-pdb,107500,3,zsasa_bitmask_f64,zsasa bitmask f64,4,0.07851133279333335,0.00012971672375346454,43.578125,0.0,1369229.080379695,1.095124363251596,1.1222186450278693,0.2805546612569673
single_file_large_structure_subset,PDB,3jc8,multi-100k-pdb,107500,3,zsasa_bitmask_f64,zsasa bitmask f64,8,0.07917967459333335,0.001121153766315007,43.578125,0.0,1357671.6569260962,1.1734089648282378,1.1127461935046266,0.13909327418807832
single_file_large_structure_subset,PDB,3jc8,multi-100k-pdb,107500,3,zsasa_bitmask_f64,zsasa bitmask f64,10,0.07765230006666667,0.00034322915992428824,43.583333333333336,0.009021097956087904,1384376.2503841901,1.2261099789479424,1.13463324886738,0.113463324886738
single_file_large_structure_subset,PDB,3jc8,multi-100k-pdb,107500,3,zsasa_bitmask_f32,zsasa bitmask f32,1,0.08717420792000001,0.0009129255574673122,40.328125,0.0,1233162.9109684946,0.9706676858402895,1.0,1.0
single_file_large_structure_subset,PDB,3jc8,multi-100k-pdb,107500,3,zsasa_bitmask_f32,zsasa bitmask f32,4,0.07812747166666667,0.00025426023676606565,40.333333333333336,0.009021097956087904,1375956.4684065569,1.0887578746042017,1.1157945606115545,0.2789486401528886
single_file_large_structure_subset,PDB,3jc8,multi-100k-pdb,107500,3,zsasa_bitmask_f32,zsasa bitmask f32,8,0.07785561103333334,0.0004625247223774396,40.359375,0.0,1380761.111154527,1.1753996762137027,1.1196907552710231,0.1399613444088779
single_file_large_structure_subset,PDB,3jc8,multi-100k-pdb,107500,3,zsasa_bitmask_f32,zsasa bitmask f32,10,0.0773520488,0.00032865667281830783,40.40625,0.0,1389749.8730505507,1.206616348430407,1.1269799478149052,0.11269799478149052
single_file_large_structure_subset,PDB,3jc8,multi-100k-pdb,107500,3,freesasa,FreeSASA,1,0.36333159316,0.00538025009632108,442.203125,0.0,295872.97670714895,0.9911687838683112,1.0,1.0
single_file_large_structure_subset,PDB,3jc8,multi-100k-pdb,107500,3,freesasa,FreeSASA,4,0.24143697314666668,0.004160866702692388,442.2604166666667,0.018042195912175808,445250.777455268,1.516523733825873,1.5048713891028014,0.37621784727570035
single_file_large_structure_subset,PDB,3jc8,multi-100k-pdb,107500,3,freesasa,FreeSASA,8,0.24277347869333332,0.017077700178539754,442.3229166666667,0.039322054350368486,442799.60306451714,1.761884105444831,1.4965868393678756,0.18707335492098445
single_file_large_structure_subset,PDB,3jc8,multi-100k-pdb,107500,3,freesasa,FreeSASA,10,0.22924776127333335,0.0015001919592373268,442.375,0.0,468924.9718422644,1.8782911158723756,1.584886112483331,0.1584886112483331
single_file_large_structure_subset,PDB,3jc8,multi-100k-pdb,107500,3,rustsasa,RustSASA,1,0.20911859472000002,0.00033642336231748534,131.546875,0.0,514062.36802584416,0.9896600871088076,1.0,1.0
single_file_large_structure_subset,PDB,3jc8,multi-100k-pdb,107500,3,rustsasa,RustSASA,4,0.15879416718666667,0.0005656205429210823,131.921875,0.0,676977.0068042295,1.3279319410944483,1.3169160960060686,0.32922902400151716
single_file_large_structure_subset,PDB,3jc8,multi-100k-pdb,107500,3,rustsasa,RustSASA,8,0.1529518298066667,0.0005268446144835612,132.546875,0.0,702835.6583630386,1.5591464774766122,1.3672186529859036,0.17090233162323795
single_file_large_structure_subset,PDB,3jc8,multi-100k-pdb,107500,3,rustsasa,RustSASA,10,0.15125915150000002,0.0009765173992187732,132.88020833333334,0.009021097956087904,710700.8001429916,1.6312494432223932,1.3825186287654139,0.1382518628765414
single_file_large_structure_subset,PDB,3jc8,multi-100k-pdb,107500,3,pdbtools_jl,PDBTools.jl,1,1.8106250694066668,0.005356889530179429,484.40625,0.0,59371.761617786084,1.3723640942117314,1.0,1.0
single_file_large_structure_subset,PDB,3jc8,multi-100k-pdb,107500,3,pdbtools_jl,PDBTools.jl,4,1.62477299964,0.0016894933679103912,527.6875,0.0,66163.08864304042,1.667667889976237,1.114386483408972,0.278596620852243
single_file_large_structure_subset,PDB,3jc8,multi-100k-pdb,107500,3,pdbtools_jl,PDBTools.jl,8,1.6301286209933334,0.01216090348927916,593.6875,0.0,65945.7165622268,1.7345589852558203,1.1107252802563188,0.13884066003203985
single_file_large_structure_subset,PDB,3jc8,multi-100k-pdb,107500,3,pdbtools_jl,PDBTools.jl,10,1.62621410282,0.01781214366443839,626.1770833333334,0.12629537138523064,66104.45685693258,1.7758937368652625,1.1133989468341725,0.11133989468341725
single_file_large_structure_mmcif_subset,mmCIF,8rbs,freesasa-runtime-outlier,164605,5,zsasa_f64,zsasa f64,1,0.37486810684666666,0.0008245170580687329,54.572916666666664,0.009021097956087904,439101.10514503927,0.9917078208133486,1.0,1.0
single_file_large_structure_mmcif_subset,mmCIF,8rbs,freesasa-runtime-outlier,164605,5,zsasa_f64,zsasa f64,4,0.21859066399333335,0.00010910752636886258,54.578125,0.0,753028.5008193222,1.7400492457061214,1.7149319188586183,0.42873297971465457
single_file_large_structure_mmcif_subset,mmCIF,8rbs,freesasa-runtime-outlier,164605,5,zsasa_f64,zsasa f64,8,0.2011951582,0.000495987184539074,54.578125,0.0,818135.9903123155,2.2029946643119565,1.8632064021840196,0.23290080027300245
single_file_large_structure_mmcif_subset,mmCIF,8rbs,freesasa-runtime-outlier,164605,5,zsasa_f64,zsasa f64,10,0.19449579746666668,0.0006486584281980306,54.5625,0.0,846316.4867519081,2.36870369094885,1.9273840963628677,0.19273840963628677
single_file_large_structure_mmcif_subset,mmCIF,8rbs,freesasa-runtime-outlier,164605,5,zsasa_f32,zsasa f32,1,0.3674769890066667,0.0023867373738227535,54.578125,0.0,447932.809194248,0.9936536189300702,1.0,1.0
single_file_large_structure_mmcif_subset,mmCIF,8rbs,freesasa-runtime-outlier,164605,5,zsasa_f32,zsasa f32,4,0.21718239008000004,0.0006014085355554803,54.578125,0.0,757911.3570827132,1.7163231321963721,1.6920201903630632,0.4230050475907658
single_file_large_structure_mmcif_subset,mmCIF,8rbs,freesasa-runtime-outlier,164605,5,zsasa_f32,zsasa f32,8,0.20031618630000003,0.0005318441391883546,54.5625,0.0,821725.9076282643,2.1790787923628376,1.834484750305306,0.22931059378816324
single_file_large_structure_mmcif_subset,mmCIF,8rbs,freesasa-runtime-outlier,164605,5,zsasa_f32,zsasa f32,10,0.19514563878,0.0006891881341208564,54.552083333333336,0.018042195912175808,843498.2253719214,2.321394230647946,1.8830909637747362,0.18830909637747362
single_file_large_structure_mmcif_subset,mmCIF,8rbs,freesasa-runtime-outlier,164605,5,zsasa_bitmask_f64,zsasa bitmask f64,1,0.19444975928666666,0.0012053763701372865,56.71875,0.0,846516.8617531268,0.9877855032474899,1.0,1.0
single_file_large_structure_mmcif_subset,mmCIF,8rbs,freesasa-runtime-outlier,164605,5,zsasa_bitmask_f64,zsasa bitmask f64,4,0.18103960042666667,0.001030538510547922,56.71875,0.0,909220.9638778793,1.0627324604482526,1.0740730692533318,0.26851826731333295
single_file_large_structure_mmcif_subset,mmCIF,8rbs,freesasa-runtime-outlier,164605,5,zsasa_bitmask_f64,zsasa bitmask f64,8,0.18052800460000004,0.0019147030402814358,56.734375,0.0,911797.5926489577,1.1239463951843842,1.0771168701360954,0.13463960876701192
single_file_large_structure_mmcif_subset,mmCIF,8rbs,freesasa-runtime-outlier,164605,5,zsasa_bitmask_f64,zsasa bitmask f64,10,0.1787225288066667,0.0013535403769084008,57.9375,0.0,921008.6780836771,1.1511386656569007,1.0879980301588779,0.10879980301588779
single_file_large_structure_mmcif_subset,mmCIF,8rbs,freesasa-runtime-outlier,164605,5,zsasa_bitmask_f32,zsasa bitmask f32,1,0.19410812250666667,0.0003601807127447799,54.5625,0.0,848006.7597086084,0.9806264203436196,1.0,1.0
single_file_large_structure_mmcif_subset,mmCIF,8rbs,freesasa-runtime-outlier,164605,5,zsasa_bitmask_f32,zsasa bitmask f32,4,0.18088277560666666,0.0007620686024212935,54.578125,0.0,910009.2557067843,1.0598471082926095,1.073115568111133,0.26827889202778327
single_file_large_structure_mmcif_subset,mmCIF,8rbs,freesasa-runtime-outlier,164605,5,zsasa_bitmask_f32,zsasa bitmask f32,8,0.17919109961333332,0.0005970041003488476,54.578125,0.0,918600.3119306267,1.122556238009152,1.0832464498823993,0.1354058062352999
single_file_large_structure_mmcif_subset,mmCIF,8rbs,freesasa-runtime-outlier,164605,5,zsasa_bitmask_f32,zsasa bitmask f32,10,0.1791466880266667,0.0009734043881195261,54.572916666666664,0.009021097956087904,918828.0387047841,1.1422644514805258,1.0835149934659853,0.10835149934659853
single_file_large_structure_mmcif_subset,mmCIF,8rbs,freesasa-runtime-outlier,164605,5,freesasa,FreeSASA,1,1.1374034628399998,0.005652246693186634,966.234375,0.05412658773652741,144719.97437830485,0.9926209741917699,1.0,1.0
single_file_large_structure_mmcif_subset,mmCIF,8rbs,freesasa-runtime-outlier,164605,5,freesasa,FreeSASA,4,0.9674017772133334,0.03277886244664855,966.3125,0.0,170151.64110423272,1.1913773785420416,1.1757301770897794,0.29393254427244486
single_file_large_structure_mmcif_subset,mmCIF,8rbs,freesasa-runtime-outlier,164605,5,freesasa,FreeSASA,8,0.9631315877333334,0.04105973348998474,966.4166666666666,0.054873196629441345,170906.03412498077,1.2884315453929247,1.1809429545518322,0.14761786931897902
single_file_large_structure_mmcif_subset,mmCIF,8rbs,freesasa-runtime-outlier,164605,5,freesasa,FreeSASA,10,0.9333284160000002,0.022202114013838644,966.5,0.0,176363.429183324,1.3248200441947469,1.2186529878888843,0.12186529878888844
single_file_large_structure_mmcif_subset,mmCIF,8rbs,freesasa-runtime-outlier,164605,5,rustsasa,RustSASA,1,0.57544084278,0.00920672250069281,313.9166666666667,0.27965403663872496,286050.2553221289,0.9945945741964145,1.0,1.0
single_file_large_structure_mmcif_subset,mmCIF,8rbs,freesasa-runtime-outlier,164605,5,rustsasa,RustSASA,4,0.49328128062000004,0.003609464387639687,314.515625,0.0,333693.9925900081,1.1603300371489103,1.1665572268559117,0.2916393067139779
single_file_large_structure_mmcif_subset,mmCIF,8rbs,freesasa-runtime-outlier,164605,5,rustsasa,RustSASA,8,0.4838367010933333,0.0024916481595141527,314.6666666666667,0.20748525299002174,340207.75941146986,1.2699506505911062,1.189328633978504,0.148666079247313
single_file_large_structure_mmcif_subset,mmCIF,8rbs,freesasa-runtime-outlier,164605,5,rustsasa,RustSASA,10,0.48083154559333335,0.0016133872545239457,315.375,0.0,342334.02843168663,1.299362695853031,1.1967618348956728,0.11967618348956728
single_file_large_structure_mmcif_subset,mmCIF,8rbs,freesasa-runtime-outlier,164605,5,pdbtools_jl,PDBTools.jl,1,1.9791494170466668,0.0030168806772614652,494.21875,0.0,83169.566977731,1.3408795400400157,1.0,1.0
single_file_large_structure_mmcif_subset,mmCIF,8rbs,freesasa-runtime-outlier,164605,5,pdbtools_jl,PDBTools.jl,4,1.7086006816333332,0.002914893719474915,551.46875,0.10825317547305482,96339.06960791224,1.6416192522245876,1.1583452109797259,0.28958630274493147
single_file_large_structure_mmcif_subset,mmCIF,8rbs,freesasa-runtime-outlier,164605,5,pdbtools_jl,PDBTools.jl,8,1.7236861435200002,0.001986820306130376,634.0729166666666,0.4510548978043951,95495.92344221921,1.7532749246111623,1.148207534467369,0.14352594180842113
single_file_large_structure_mmcif_subset,mmCIF,8rbs,freesasa-runtime-outlier,164605,5,pdbtools_jl,PDBTools.jl,10,1.7246772904466667,0.0028586118520920432,676.046875,0.0,95441.04332548477,1.7892523529435473,1.1475476763157793,0.11475476763157792
single_file_large_structure_subset,PDB,8rbs,freesasa-runtime-outlier,164605,5,zsasa_f64,zsasa f64,1,0.3021156118866667,0.0007222547361709381,51.46875,0.0,544841.0923621804,0.9929764463122284,1.0,1.0
single_file_large_structure_subset,PDB,8rbs,freesasa-runtime-outlier,164605,5,zsasa_f64,zsasa f64,4,0.14724309997333332,0.00028028860523098687,51.463541666666664,0.009021097956087904,1117913.1655731986,2.0993975273271475,2.0518150727700095,0.5129537681925024
single_file_large_structure_subset,PDB,8rbs,freesasa-runtime-outlier,164605,5,zsasa_f64,zsasa f64,8,0.12912006966666667,0.0004523401211724815,51.46875,0.0,1274821.1832981533,2.876258619532085,2.3398036623322866,0.29247545779153583
single_file_large_structure_subset,PDB,8rbs,freesasa-runtime-outlier,164605,5,zsasa_f64,zsasa f64,10,0.12410310014000002,0.0005746854278568409,51.46875,0.0,1326356.8743593835,3.1428401027855255,2.4343921428703372,0.24343921428703372
single_file_large_structure_subset,PDB,8rbs,freesasa-runtime-outlier,164605,5,zsasa_f32,zsasa f32,1,0.2960356053266667,0.0004403462947457537,53.3125,0.0,556031.0889575704,0.9918570876274383,1.0,1.0
single_file_large_structure_subset,PDB,8rbs,freesasa-runtime-outlier,164605,5,zsasa_f32,zsasa f32,4,0.14510435586,0.00015355432118960906,53.276041666666664,0.018042195912175808,1134390.4807297077,2.074639764481751,2.040156572641338,0.5100391431603345
single_file_large_structure_subset,PDB,8rbs,freesasa-runtime-outlier,164605,5,zsasa_f32,zsasa f32,8,0.1293445943666667,0.000917552257256402,53.317708333333336,0.009021097956087904,1272608.2663599912,2.810871958844141,2.288735812858661,0.2860919766073326
single_file_large_structure_subset,PDB,8rbs,freesasa-runtime-outlier,164605,5,zsasa_f32,zsasa f32,10,0.12333677043333334,0.0006017932234549725,53.3125,0.0,1334597.942054703,3.098829640643044,2.40022180154848,0.24002218015484802
single_file_large_structure_subset,PDB,8rbs,freesasa-runtime-outlier,164605,5,zsasa_bitmask_f64,zsasa bitmask f64,1,0.12326818382,0.0005973656895805184,56.5625,0.015625,1335340.5144701514,0.9839868616094072,1.0,1.0
single_file_large_structure_subset,PDB,8rbs,freesasa-runtime-outlier,164605,5,zsasa_bitmask_f64,zsasa bitmask f64,4,0.11049366850000002,0.0014354587548999806,56.578125,0.0,1489723.368176521,1.1180478333622044,1.1156130979577348,0.2789032744894337
single_file_large_structure_subset,PDB,8rbs,freesasa-runtime-outlier,164605,5,zsasa_bitmask_f64,zsasa bitmask f64,8,0.10829957939333335,0.0003181757668291708,56.625,0.0,1519904.3331661606,1.2195117845625114,1.138214797421347,0.14227684967766838
single_file_large_structure_subset,PDB,8rbs,freesasa-runtime-outlier,164605,5,zsasa_bitmask_f64,zsasa bitmask f64,10,0.10907720793333335,0.0009848694205631203,58.046875,0.0,1509068.6965567046,1.2449477078932614,1.1301002854357989,0.11301002854357989
single_file_large_structure_subset,PDB,8rbs,freesasa-runtime-outlier,164605,5,zsasa_bitmask_f32,zsasa bitmask f32,1,0.12228052978666669,0.0003181067235163961,53.25,0.0,1346125.9964049347,0.9816014062860888,1.0,1.0
single_file_large_structure_subset,PDB,8rbs,freesasa-runtime-outlier,164605,5,zsasa_bitmask_f32,zsasa bitmask f32,4,0.10825297689333334,0.00037550722770718543,53.28125,0.0,1520558.6462734684,1.1098110196548823,1.1295812207285103,0.2823953051821276
single_file_large_structure_subset,PDB,8rbs,freesasa-runtime-outlier,164605,5,zsasa_bitmask_f32,zsasa bitmask f32,8,0.10841050622000002,0.0006678007304870201,53.307291666666664,0.009021097956087904,1518349.1502748188,1.2060698225563544,1.1279398468864255,0.14099248086080318
single_file_large_structure_subset,PDB,8rbs,freesasa-runtime-outlier,164605,5,zsasa_bitmask_f32,zsasa bitmask f32,10,0.10776818151333334,0.00015067548302671202,53.270833333333336,0.009021097956087904,1527398.8823838015,1.2372374182649648,1.1346626441083434,0.11346626441083434
single_file_large_structure_subset,PDB,8rbs,freesasa-runtime-outlier,164605,5,freesasa,FreeSASA,1,17.467959135146664,0.2650097266086813,23843.270833333332,1027.6383736677535,9423.253095938615,0.9492303925364919,1.0,1.0
single_file_large_structure_subset,PDB,8rbs,freesasa-runtime-outlier,164605,5,freesasa,FreeSASA,4,14.667386601066667,0.059187546911935285,24021.057291666668,71.97031949366928,11222.517308436481,1.1795263498912505,1.1909387548205983,0.2977346887051496
single_file_large_structure_subset,PDB,8rbs,freesasa-runtime-outlier,164605,5,freesasa,FreeSASA,8,14.500400966720001,0.056129493719235465,23974.359375,13.28807728931748,11351.75505682818,1.3215602044831853,1.2046535247706276,0.15058169059632845
single_file_large_structure_subset,PDB,8rbs,freesasa-runtime-outlier,164605,5,freesasa,FreeSASA,10,14.003290294733333,0.10004522025750266,24374.703125,0.0,11754.737389248317,1.370870634636008,1.2474181972587115,0.12474181972587114
single_file_large_structure_subset,PDB,8rbs,freesasa-runtime-outlier,164605,5,rustsasa,RustSASA,1,0.3202862621266667,0.002200653730041678,195.953125,0.0,513930.8782931878,0.9931856725745644,1.0,1.0
single_file_large_structure_subset,PDB,8rbs,freesasa-runtime-outlier,164605,5,rustsasa,RustSASA,4,0.24102268172666666,0.001107274210605639,196.328125,0.0,682944.0234453593,1.332240563556085,1.3288635734701908,0.3322158933675477
single_file_large_structure_subset,PDB,8rbs,freesasa-runtime-outlier,164605,5,rustsasa,RustSASA,8,0.2318889915133334,0.0001341446217570232,197.0,0.027063293868263706,709843.9599300055,1.5659202461354773,1.3812051190375312,0.1726506398796914
single_file_large_structure_subset,PDB,8rbs,freesasa-runtime-outlier,164605,5,rustsasa,RustSASA,10,0.22928449382666669,0.0009076311917824017,197.265625,0.0,717907.2481213546,1.633947010897958,1.396894560034204,0.1396894560034204
single_file_large_structure_subset,PDB,8rbs,freesasa-runtime-outlier,164605,5,pdbtools_jl,PDBTools.jl,1,2.0509311068600002,0.006800586680023834,502.375,0.2706329386826371,80258.66858688013,1.329948313496841,1.0,1.0
single_file_large_structure_subset,PDB,8rbs,freesasa-runtime-outlier,164605,5,pdbtools_jl,PDBTools.jl,4,1.7354481409333333,0.0057520723747551605,551.59375,0.0,94848.69995105387,1.677609737410091,1.1817876077570364,0.2954469019392591
single_file_large_structure_subset,PDB,8rbs,freesasa-runtime-outlier,164605,5,pdbtools_jl,PDBTools.jl,8,1.7740888098533334,0.04138484745585439,632.6197916666666,0.2886751345948129,92782.84102000967,1.7569458131717497,1.1560475977691071,0.1445059497211384
single_file_large_structure_subset,PDB,8rbs,freesasa-runtime-outlier,164605,5,pdbtools_jl,PDBTools.jl,10,1.7667319962066668,0.022958278934089863,674.3125,0.0,93169.19620713375,1.8022179180749616,1.1608614726305602,0.11608614726305602
single_file_large_structure_mmcif_subset,mmCIF,5vyc,rustsasa-parser-outlier,249168,216,zsasa_f64,zsasa f64,1,0.7714249758133334,0.01583772047906425,122.40104166666667,0.009021097956087902,322997.0610392744,0.9971263537615401,1.0,1.0
single_file_large_structure_mmcif_subset,mmCIF,5vyc,rustsasa-parser-outlier,249168,216,zsasa_f64,zsasa f64,4,0.4548977648800001,0.008047399155332174,122.375,0.027063293868263706,547745.0522662589,1.6530116685266514,1.6958205455611144,0.4239551363902786
single_file_large_structure_mmcif_subset,mmCIF,5vyc,rustsasa-parser-outlier,249168,216,zsasa_f64,zsasa f64,8,0.3973425745066667,0.0018736762886929735,122.390625,0.0,627086.0863811597,2.110800135226707,1.941460657144834,0.24268258214310426
single_file_large_structure_mmcif_subset,mmCIF,5vyc,rustsasa-parser-outlier,249168,216,zsasa_f64,zsasa f64,10,0.39331648996666674,0.0034378388987575293,122.421875,0.015625,633505.0941319973,2.206847874782879,1.9613339269825962,0.19613339269825963
single_file_large_structure_mmcif_subset,mmCIF,5vyc,rustsasa-parser-outlier,249168,216,zsasa_f32,zsasa f32,1,0.7717896448466668,0.009548561133835945,122.9375,0.0,322844.44558659865,0.9993251034352714,1.0,1.0
single_file_large_structure_mmcif_subset,mmCIF,5vyc,rustsasa-parser-outlier,249168,216,zsasa_f32,zsasa f32,4,0.44856553015333334,0.0036919234050046957,122.93229166666667,0.018042195912175808,555477.3678548746,1.6400021339472957,1.7205727880669868,0.4301431970167467
single_file_large_structure_mmcif_subset,mmCIF,5vyc,rustsasa-parser-outlier,249168,216,zsasa_f32,zsasa f32,8,0.41857869563333344,0.0026620841957095023,122.94791666666667,0.009021097956087902,595271.5764069038,2.035234908562059,1.8438340338341994,0.23047925422927493
single_file_large_structure_mmcif_subset,mmCIF,5vyc,rustsasa-parser-outlier,249168,216,zsasa_f32,zsasa f32,10,0.4051031516066667,0.0020021546457620076,122.953125,0.0,615072.9734187027,2.1343850405444176,1.9051682066300804,0.19051682066300804
single_file_large_structure_mmcif_subset,mmCIF,5vyc,rustsasa-parser-outlier,249168,216,zsasa_bitmask_f64,zsasa bitmask f64,1,0.40668259100000004,0.003445058948149802,124.25,0.0,612684.2051126796,0.9932693840505865,1.0,1.0
single_file_large_structure_mmcif_subset,mmCIF,5vyc,rustsasa-parser-outlier,249168,216,zsasa_bitmask_f64,zsasa bitmask f64,4,0.37652620478000004,0.0033251990911767905,124.26041666666667,0.009021097956087902,661754.7380150766,1.0793163614489538,1.0800910689273806,0.27002276723184515
single_file_large_structure_mmcif_subset,mmCIF,5vyc,rustsasa-parser-outlier,249168,216,zsasa_bitmask_f64,zsasa bitmask f64,8,0.33932404288,0.0034816748474819042,124.28125,0.0,734306.9411916586,1.1583430693484178,1.1985080324644752,0.1498135040580594
single_file_large_structure_mmcif_subset,mmCIF,5vyc,rustsasa-parser-outlier,249168,216,zsasa_bitmask_f64,zsasa bitmask f64,10,0.34148674603333334,0.00567042804330469,124.29166666666667,0.009021097956087902,729656.4299912187,1.1718536409246314,1.1909176438733666,0.11909176438733667
single_file_large_structure_mmcif_subset,mmCIF,5vyc,rustsasa-parser-outlier,249168,216,zsasa_bitmask_f32,zsasa bitmask f32,1,0.3815096440333334,0.003813656407510539,122.24479166666667,0.009021097956087902,653110.6196052795,0.9924690133571504,1.0,1.0
single_file_large_structure_mmcif_subset,mmCIF,5vyc,rustsasa-parser-outlier,249168,216,zsasa_bitmask_f32,zsasa bitmask f32,4,0.3507910987200001,0.0007986456295604433,122.25,0.0,710303.0861079084,1.0782464398711618,1.087569340913786,0.2718923352284465
single_file_large_structure_mmcif_subset,mmCIF,5vyc,rustsasa-parser-outlier,249168,216,zsasa_bitmask_f32,zsasa bitmask f32,8,0.35435185912000006,0.002655312243291725,122.27604166666667,0.009021097956087902,703165.4938082887,1.1381471917062966,1.0766407293044185,0.1345800911630523
single_file_large_structure_mmcif_subset,mmCIF,5vyc,rustsasa-parser-outlier,249168,216,zsasa_bitmask_f32,zsasa bitmask f32,10,0.35889748981999997,0.008318332255008403,122.265625,0.015625,694259.5227538836,1.1541961472278766,1.0630044925214557,0.10630044925214557
single_file_large_structure_mmcif_subset,mmCIF,5vyc,rustsasa-parser-outlier,249168,216,freesasa,FreeSASA,1,2.432996574706667,0.0065888712527601865,1822.3125,0.0,102411.98141844521,0.9976313784820289,1.0,1.0
single_file_large_structure_mmcif_subset,mmCIF,5vyc,rustsasa-parser-outlier,249168,216,freesasa,FreeSASA,4,2.0892804041066664,0.009878819048461714,1822.2447916666667,0.11727427342914273,119260.20055050445,1.156648934524711,1.164514140813457,0.29112853520336424
single_file_large_structure_mmcif_subset,mmCIF,5vyc,rustsasa-parser-outlier,249168,216,freesasa,FreeSASA,8,2.0755089690266666,0.008328984618760298,1822.46875,0.0,120051.51686569206,1.2352201820977664,1.1722409351223608,0.1465301168902951
single_file_large_structure_mmcif_subset,mmCIF,5vyc,rustsasa-parser-outlier,249168,216,freesasa,FreeSASA,10,2.0580442629466664,0.011224423577785622,1822.3333333333333,0.09021097956087902,121070.28234817761,1.260927995276026,1.1821886528442063,0.11821886528442063
single_file_large_structure_mmcif_subset,mmCIF,5vyc,rustsasa-parser-outlier,249168,216,rustsasa,RustSASA,1,1.2100047438333335,0.007802408740557055,733.2604166666666,0.009021097956087902,205923.15961557959,0.9955197058571092,1.0,1.0
single_file_large_structure_mmcif_subset,mmCIF,5vyc,rustsasa-parser-outlier,249168,216,rustsasa,RustSASA,4,1.09575879806,0.02752965847953795,733.6875,0.0,227393.10917798936,1.1009972043749663,1.1042619470412662,0.27606548676031656
single_file_large_structure_mmcif_subset,mmCIF,5vyc,rustsasa-parser-outlier,249168,216,rustsasa,RustSASA,8,1.0708931475733334,0.011668988659395342,734.2760416666666,0.009021097956087902,232673.0734664051,1.1869881536551283,1.1299024058331402,0.14123780072914252
single_file_large_structure_mmcif_subset,mmCIF,5vyc,rustsasa-parser-outlier,249168,216,rustsasa,RustSASA,10,1.0702226801266665,0.014155728658455175,734.625,0.0,232818.8372633905,1.2009422934747385,1.130610261118857,0.1130610261118857
single_file_large_structure_mmcif_subset,mmCIF,5vyc,rustsasa-parser-outlier,249168,216,pdbtools_jl,PDBTools.jl,1,2.3677253844333332,0.009602925343091933,527.1145833333334,0.39692831006786766,105235.1770345332,1.2855273391689377,1.0,1.0
single_file_large_structure_mmcif_subset,mmCIF,5vyc,rustsasa-parser-outlier,249168,216,pdbtools_jl,PDBTools.jl,4,1.9006327358266668,0.0020705960242967977,606.546875,0.0,131097.39472714392,1.7376248855166452,1.2457563945953545,0.3114390986488386
single_file_large_structure_mmcif_subset,mmCIF,5vyc,rustsasa-parser-outlier,249168,216,pdbtools_jl,PDBTools.jl,8,1.910180268966667,0.010127627756765406,720.796875,0.0,130442.13891644383,1.9012042924258892,1.2395298092541707,0.15494122615677133
single_file_large_structure_mmcif_subset,mmCIF,5vyc,rustsasa-parser-outlier,249168,216,pdbtools_jl,PDBTools.jl,10,1.8918976967199999,0.0064626327393148345,776.25,0.0,131702.681615388,1.960069401794661,1.2515081489545021,0.1251508148954502
single_file_large_structure_subset,PDB,5vyc,rustsasa-parser-outlier,249168,4,zsasa_f64,zsasa f64,1,0.56386537954,0.001069425182113754,97.046875,0.0,441892.7088647837,0.9945336724239959,1.0,1.0
single_file_large_structure_subset,PDB,5vyc,rustsasa-parser-outlier,249168,4,zsasa_f64,zsasa f64,4,0.28231476402000005,0.00046891558218190347,97.0625,0.0,882589.3355770375,2.0277162926771775,1.9972932747507817,0.4993233186876954
single_file_large_structure_subset,PDB,5vyc,rustsasa-parser-outlier,249168,4,zsasa_f64,zsasa f64,8,0.25173539992000005,0.0007031273777737563,97.05729166666667,0.009021097956087902,989801.1963322761,2.7208223669945992,2.239912939217897,0.27998911740223714
single_file_large_structure_subset,PDB,5vyc,rustsasa-parser-outlier,249168,4,zsasa_f64,zsasa f64,10,0.2429351318066667,0.0012084238311992695,100.53125,3.0040256193772716,1025656.5122836723,2.9560634890174664,2.3210532595538176,0.23210532595538175
single_file_large_structure_subset,PDB,5vyc,rustsasa-parser-outlier,249168,4,zsasa_f32,zsasa f32,1,0.5517858216866668,0.0005407339068084139,93.828125,0.0,451566.51404771104,0.9946182348839816,1.0,1.0
single_file_large_structure_subset,PDB,5vyc,rustsasa-parser-outlier,249168,4,zsasa_f32,zsasa f32,4,0.27972696804,0.0004632383784046686,93.84375,0.0,890754.301402823,1.996941197985562,1.9725871465055285,0.4931467866263821
single_file_large_structure_subset,PDB,5vyc,rustsasa-parser-outlier,249168,4,zsasa_f32,zsasa f32,8,0.24993647754,0.0009414969878470187,93.83854166666667,0.009021097956087902,996925.3085921521,2.674406312805449,2.207704241964275,0.27596303024553437
single_file_large_structure_subset,PDB,5vyc,rustsasa-parser-outlier,249168,4,zsasa_f32,zsasa f32,10,0.2419692247266667,0.001099129053635813,93.84375,0.0,1029750.7886858967,2.887010035218801,2.2803967004893915,0.22803967004893916
single_file_large_structure_subset,PDB,5vyc,rustsasa-parser-outlier,249168,4,zsasa_bitmask_f64,zsasa bitmask f64,1,0.2386696431533333,0.0005610247316093303,98.41666666666667,0.009021097956087902,1043986.9801117607,0.9887639537316003,1.0,1.0
single_file_large_structure_subset,PDB,5vyc,rustsasa-parser-outlier,249168,4,zsasa_bitmask_f64,zsasa bitmask f64,4,0.20854486345333334,0.00030285356828726464,98.390625,0.027063293868263706,1194793.2731306853,1.1382718458552972,1.14445227372738,0.286113068431845
single_file_large_structure_subset,PDB,5vyc,rustsasa-parser-outlier,249168,4,zsasa_bitmask_f64,zsasa bitmask f64,8,0.20581228826666667,0.00035453406888525995,98.421875,0.0,1210656.5749716472,1.2533551916286552,1.1596471967897954,0.14495589959872443
single_file_large_structure_subset,PDB,5vyc,rustsasa-parser-outlier,249168,4,zsasa_bitmask_f64,zsasa bitmask f64,10,0.2049102615,0.00021255484992584343,98.4375,0.0,1215985.9549054354,1.281291225134667,1.1647520305045012,0.11647520305045012
single_file_large_structure_subset,PDB,5vyc,rustsasa-parser-outlier,249168,4,zsasa_bitmask_f32,zsasa bitmask f32,1,0.23549263381333332,0.0008700274052995832,94.6875,0.0,1058071.3118929514,0.9889987479804276,1.0,1.0
single_file_large_structure_subset,PDB,5vyc,rustsasa-parser-outlier,249168,4,zsasa_bitmask_f32,zsasa bitmask f32,4,0.20717726334000006,0.00045118418841422344,94.71875,0.0,1202680.2361564583,1.128437211518064,1.1366721908420265,0.28416804771050663
single_file_large_structure_subset,PDB,5vyc,rustsasa-parser-outlier,249168,4,zsasa_bitmask_f32,zsasa bitmask f32,8,0.20496934168666667,0.0004577200051312376,94.71354166666667,0.009021097956087902,1215635.460160179,1.2365814870049956,1.1489163787886245,0.14361454734857806
single_file_large_structure_subset,PDB,5vyc,rustsasa-parser-outlier,249168,4,zsasa_bitmask_f32,zsasa bitmask f32,10,0.20337347807333336,0.0005989984117026873,94.75,0.0,1225174.5033841326,1.2678566011133985,1.1579318800282221,0.1157931880028222
single_file_large_structure_subset,PDB,5vyc,rustsasa-parser-outlier,249168,4,freesasa,FreeSASA,1,0.9159686036533333,0.007951502559263383,1005.8854166666666,0.09021097956087902,272026.7910998209,0.9944046441116451,1.0,1.0
single_file_large_structure_subset,PDB,5vyc,rustsasa-parser-outlier,249168,4,freesasa,FreeSASA,4,0.5864176016133333,0.003234094797268973,1005.875,0.0,424898.5694059949,1.5513126098146024,1.5619732442091605,0.3904933110522901
single_file_large_structure_subset,PDB,5vyc,rustsasa-parser-outlier,249168,4,freesasa,FreeSASA,8,0.5519322213000001,0.002623119789432575,1005.90625,0.0,451446.7363639673,1.8907974319901635,1.6595671865213737,0.2074458983151717
single_file_large_structure_subset,PDB,5vyc,rustsasa-parser-outlier,249168,4,freesasa,FreeSASA,10,0.54242461866,0.0042633531350014355,1005.9166666666666,0.06314768569261532,459359.6813793997,1.9815855383837933,1.6886560309820235,0.16886560309820237
single_file_large_structure_subset,PDB,5vyc,rustsasa-parser-outlier,249168,4,rustsasa,RustSASA,1,13.413101342886668,0.028948052803123913,289.359375,0.0,18576.46443058753,0.9997597888707738,1.0,1.0
single_file_large_structure_subset,PDB,5vyc,rustsasa-parser-outlier,249168,4,rustsasa,RustSASA,4,13.574723938406668,0.46043029155389703,289.765625,0.0,18355.290400789254,1.0090734506881216,0.9880938576538765,0.24702346441346912
single_file_large_structure_subset,PDB,5vyc,rustsasa-parser-outlier,249168,4,rustsasa,RustSASA,8,13.690341525140001,0.6486630134749471,290.4010416666667,0.03608439182435161,18200.27641695023,1.0145337753501584,0.9797492135792063,0.12246865169740079
single_file_large_structure_subset,PDB,5vyc,rustsasa-parser-outlier,249168,4,rustsasa,RustSASA,10,13.286132843686667,0.022806122766984044,290.671875,0.0,18753.98981264892,1.0168811767089856,1.0095564676865574,0.10095564676865573
single_file_large_structure_subset,PDB,5vyc,rustsasa-parser-outlier,249168,4,pdbtools_jl,PDBTools.jl,1,2.7040354986666664,0.015080088091890724,543.3125,0.0,92146.71927305034,1.244792901200098,1.0,1.0
single_file_large_structure_subset,PDB,5vyc,rustsasa-parser-outlier,249168,4,pdbtools_jl,PDBTools.jl,4,2.1158650122,0.007902972083826619,625.1770833333334,0.09021097956087902,117761.76578529653,1.700544319188618,1.2779811013818447,0.3194952753454612
single_file_large_structure_subset,PDB,5vyc,rustsasa-parser-outlier,249168,4,pdbtools_jl,PDBTools.jl,8,2.1060315272,0.017612666191047382,740.1354166666666,0.23454854685828547,118311.6191671036,1.8327932465150798,1.28394825231402,0.1604935315392525
single_file_large_structure_subset,PDB,5vyc,rustsasa-parser-outlier,249168,4,pdbtools_jl,PDBTools.jl,10,2.11851968382,0.0028924982473923664,796.734375,0.0,117614.2010399987,1.9073037764026968,1.2763796906483755,0.12763796906483754
single_file_large_structure_mmcif_subset,mmCIF,9fqr,multi-max-pdb,4506416,1574,zsasa_f64,zsasa f64,1,13.69908210846667,0.1468159011325287,2131.4010416666665,0.009021097956087904,328957.5144027223,0.9994354978137389,1.0,1.0
single_file_large_structure_mmcif_subset,mmCIF,9fqr,multi-max-pdb,4506416,1574,zsasa_f64,zsasa f64,4,7.741948636380001,0.08537642776875935,2131.390625,0.0,582077.7444613894,1.7358589890641718,1.7694617662656205,0.4423654415664051
single_file_large_structure_mmcif_subset,mmCIF,9fqr,multi-max-pdb,4506416,1574,zsasa_f64,zsasa f64,8,7.159933744253333,0.03322912965784637,2131.4010416666665,0.009021097956087904,629393.5336506312,2.2273627638151323,1.9132973289678485,0.23916216612098107
single_file_large_structure_mmcif_subset,mmCIF,9fqr,multi-max-pdb,4506416,1574,zsasa_f64,zsasa f64,10,6.974901412713333,0.06293034213372509,2131.40625,0.0,646090.279037642,2.3539387883065404,1.964053869420577,0.1964053869420577
single_file_large_structure_mmcif_subset,mmCIF,9fqr,multi-max-pdb,4506416,1574,zsasa_f32,zsasa f32,1,13.38979354054,0.4798276387069387,2152.46875,0.0,336556.0481837168,0.999194428663842,1.0,1.0
single_file_large_structure_mmcif_subset,mmCIF,9fqr,multi-max-pdb,4506416,1574,zsasa_f32,zsasa f32,4,7.709445876113334,0.168467026184922,2152.46875,0.0,584531.7643337395,1.746042287557976,1.736803624502566,0.4342009061256415
single_file_large_structure_mmcif_subset,mmCIF,9fqr,multi-max-pdb,4506416,1574,zsasa_f32,zsasa f32,8,6.937764307826666,0.20995330014861166,2235.3229166666665,71.75381314272317,649548.730693575,2.22904477011718,1.929986800709652,0.2412483500887065
single_file_large_structure_mmcif_subset,mmCIF,9fqr,multi-max-pdb,4506416,1574,zsasa_f32,zsasa f32,10,6.996868978933333,0.012917660995520113,2152.484375,0.0,644061.795864441,2.3229692322290467,1.913683617751731,0.19136836177517308
single_file_large_structure_mmcif_subset,mmCIF,9fqr,multi-max-pdb,4506416,1574,zsasa_bitmask_f64,zsasa bitmask f64,1,6.556741399906667,0.0731500678065064,2165.9322916666665,0.009021097956087904,687295.0639877528,0.9985795952584823,1.0,1.0
single_file_large_structure_mmcif_subset,mmCIF,9fqr,multi-max-pdb,4506416,1574,zsasa_bitmask_f64,zsasa bitmask f64,4,6.0510915248999995,0.28209212272016043,2165.9375,0.0,744727.7869548459,1.1032590267715365,1.0835634154475995,0.27089085386189987
single_file_large_structure_mmcif_subset,mmCIF,9fqr,multi-max-pdb,4506416,1574,zsasa_bitmask_f64,zsasa bitmask f64,8,6.086706095099999,0.13184940163416636,2165.953125,0.0,740370.2313847246,1.1807756402847291,1.0772232628720255,0.1346529078590032
single_file_large_structure_mmcif_subset,mmCIF,9fqr,multi-max-pdb,4506416,1574,zsasa_bitmask_f64,zsasa bitmask f64,10,5.932880632646667,0.13176361864141906,2165.953125,0.0,759566.2678939962,1.2006670072098797,1.1051530960908098,0.11051530960908099
single_file_large_structure_mmcif_subset,mmCIF,9fqr,multi-max-pdb,4506416,1574,zsasa_bitmask_f32,zsasa bitmask f32,1,6.553073556579999,0.11651012131905303,2152.265625,0.0,687679.752270607,0.9979523873089251,1.0,1.0
single_file_large_structure_mmcif_subset,mmCIF,9fqr,multi-max-pdb,4506416,1574,zsasa_bitmask_f32,zsasa bitmask f32,4,6.170265088333334,0.044134936781482816,2152.3125,0.0,730343.9861150665,1.0941487629272852,1.06204084634394,0.265510211585985
single_file_large_structure_mmcif_subset,mmCIF,9fqr,multi-max-pdb,4506416,1574,zsasa_bitmask_f32,zsasa bitmask f32,8,5.55500539886,0.29176432127154023,2152.296875,0.0,811235.2151673532,1.1713516284494234,1.1796700607932484,0.14745875759915605
single_file_large_structure_mmcif_subset,mmCIF,9fqr,multi-max-pdb,4506416,1574,zsasa_bitmask_f32,zsasa bitmask f32,10,5.405145934066667,0.10837450249696991,2152.2916666666665,0.018042195912175808,833726.9807273289,1.2052175327235704,1.2123768047183263,0.12123768047183263
single_file_large_structure_mmcif_subset,mmCIF,9fqr,multi-max-pdb,4506416,1574,freesasa,FreeSASA,1,35.95089158369999,0.43074923473507964,20843.484375,0.0,125349.21392723381,0.9814590167956908,1.0,1.0
single_file_large_structure_mmcif_subset,mmCIF,9fqr,multi-max-pdb,4506416,1574,freesasa,FreeSASA,4,29.18824514358667,0.3922548130264822,21039.40625,0.0,154391.46744970256,1.2014905235817355,1.2316907510830342,0.30792268777075854
single_file_large_structure_mmcif_subset,mmCIF,9fqr,multi-max-pdb,4506416,1574,freesasa,FreeSASA,8,29.120515056800002,0.6760735763722419,20874.421875,0.0,154750.55956977987,1.3112543098518032,1.2345554848043463,0.1543194356005433
single_file_large_structure_mmcif_subset,mmCIF,9fqr,multi-max-pdb,4506416,1574,freesasa,FreeSASA,10,28.95114549524,0.5892479158706981,20871.65625,40.24311798210813,155655.87899590784,1.3430634655334446,1.2417778629730163,0.12417778629730163
single_file_large_structure_mmcif_subset,mmCIF,9fqr,multi-max-pdb,4506416,1574,rustsasa,RustSASA,1,26.41797142957333,0.28482409156920313,8210.609375,0.0,170581.45482568498,0.9996366702013595,1.0,1.0
single_file_large_structure_mmcif_subset,mmCIF,9fqr,multi-max-pdb,4506416,1574,rustsasa,RustSASA,4,24.03318484121333,0.06633067643108835,8211.041666666666,0.009021097956087904,187508.06560902274,1.0988498781087919,1.0992289038725507,0.27480722596813767
single_file_large_structure_mmcif_subset,mmCIF,9fqr,multi-max-pdb,4506416,1574,rustsasa,RustSASA,8,23.760224829840002,0.0728611503637643,8211.625,0.0,189662.1783789049,1.154219910364291,1.1118569634238273,0.13898212042797842
single_file_large_structure_mmcif_subset,mmCIF,9fqr,multi-max-pdb,4506416,1574,rustsasa,RustSASA,10,23.646909873393337,0.0932703889511508,8211.984375,0.0,190571.03123103874,1.1701183038916332,1.1171849332964174,0.11171849332964175
single_file_large_structure_mmcif_subset,mmCIF,9fqr,multi-max-pdb,4506416,1574,pdbtools_jl,PDBTools.jl,1,19.752630005166665,0.1493569568842843,2588.9114583333335,2.210168999241536,228142.58145984932,1.034475061193803,1.0,1.0
single_file_large_structure_mmcif_subset,mmCIF,9fqr,multi-max-pdb,4506416,1574,pdbtools_jl,PDBTools.jl,4,11.123539409526666,0.07573948137236691,3877.546875,0.0,405124.2894991244,2.01058041539481,1.7757504403903746,0.44393761009759364
single_file_large_structure_mmcif_subset,mmCIF,9fqr,multi-max-pdb,4506416,1574,pdbtools_jl,PDBTools.jl,8,10.708665989246668,0.10644372546376045,5779.359375,0.0,420819.5497483265,2.6206072790187176,1.8445462791538818,0.23056828489423523
single_file_large_structure_mmcif_subset,mmCIF,9fqr,multi-max-pdb,4506416,1574,pdbtools_jl,PDBTools.jl,10,10.508573308726668,0.1520805210985138,6728.796875,0.0,428832.3321927747,2.7922295181877645,1.879668098119792,0.1879668098119792
single_file_large_structure_subset,PDB,9fqr,multi-max-pdb,4506416,57,zsasa_f64,zsasa f64,1,10.839946683593334,0.005937271152048748,2131.2760416666665,0.03608439182435161,415723.07793917746,0.9991578626851411,1.0,1.0
single_file_large_structure_subset,PDB,9fqr,multi-max-pdb,4506416,57,zsasa_f64,zsasa f64,4,5.61214297184,0.0028439783193556574,2131.28125,0.0,802975.979516524,1.975516255073544,1.9315164880839348,0.4828791220209837
single_file_large_structure_subset,PDB,9fqr,multi-max-pdb,4506416,57,zsasa_f64,zsasa f64,8,4.987552577573333,0.006017562092884497,2131.296875,0.0,903532.5302159666,2.671744415604757,2.173399982254914,0.27167499778186427
single_file_large_structure_subset,PDB,9fqr,multi-max-pdb,4506416,57,zsasa_f64,zsasa f64,10,4.82868812724,0.004831567494823028,2131.2864583333335,0.018042195912175808,933258.8647790335,2.88246000015652,2.2449051166593508,0.2244905116659351
single_file_large_structure_subset,PDB,9fqr,multi-max-pdb,4506416,57,zsasa_f32,zsasa f32,1,10.611268399326667,0.005210333897726234,2152.359375,0.0,424682.12379643065,0.9991026477104341,1.0,1.0
single_file_large_structure_subset,PDB,9fqr,multi-max-pdb,4506416,57,zsasa_f32,zsasa f32,4,5.5286720356600005,0.012653846389032455,2152.3541666666665,0.009021097956087904,815099.1722666064,1.949507327826146,1.919315946195372,0.479828986548843
single_file_large_structure_subset,PDB,9fqr,multi-max-pdb,4506416,57,zsasa_f32,zsasa f32,8,4.946912918153334,0.003567296582681265,2152.3333333333335,0.023867581744561665,910955.1905518947,2.628400018717217,2.1450283388630615,0.2681285423578827
single_file_large_structure_subset,PDB,9fqr,multi-max-pdb,4506416,57,zsasa_f32,zsasa f32,10,4.7830603835000005,0.001815396555505366,2152.390625,0.0,942161.6368352084,2.851228793538116,2.218510231635813,0.2218510231635813
single_file_large_structure_subset,PDB,9fqr,multi-max-pdb,4506416,57,zsasa_bitmask_f64,zsasa bitmask f64,1,4.592692188840001,0.0016499440771516292,2165.859375,0.0,981214.4630442145,0.9975875626500166,1.0,1.0
single_file_large_structure_subset,PDB,9fqr,multi-max-pdb,4506416,57,zsasa_bitmask_f64,zsasa bitmask f64,4,4.012551310899999,0.021153071405773886,2165.828125,0.0,1123079.9685373316,1.1519125784412576,1.1445815474967418,0.28614538687418545
single_file_large_structure_subset,PDB,9fqr,multi-max-pdb,4506416,57,zsasa_bitmask_f64,zsasa bitmask f64,8,3.952601311006667,0.0038544900925349236,2165.875,0.0,1140113.9769526324,1.2642612767659354,1.1619416752331928,0.1452427094041491
single_file_large_structure_subset,PDB,9fqr,multi-max-pdb,4506416,57,zsasa_bitmask_f64,zsasa bitmask f64,10,3.9379208806333335,0.002026001895281599,2165.8333333333335,0.018042195912175808,1144364.2817108189,1.3025710018434156,1.1662733528819302,0.11662733528819302
single_file_large_structure_subset,PDB,9fqr,multi-max-pdb,4506416,57,zsasa_bitmask_f32,zsasa bitmask f32,1,4.524584191913333,0.0010608111782009122,2152.1875,0.0,995984.5609800334,0.998069450905799,1.0,1.0
single_file_large_structure_subset,PDB,9fqr,multi-max-pdb,4506416,57,zsasa_bitmask_f32,zsasa bitmask f32,4,3.981576368786666,0.018704087691312037,2357.640625,0.0,1131817.044959324,1.1422482484542325,1.13638010999451,0.2840950274986275
single_file_large_structure_subset,PDB,9fqr,multi-max-pdb,4506416,57,zsasa_bitmask_f32,zsasa bitmask f32,8,4.095146630506666,0.2566905727272178,2198.09375,40.51910175981046,1100428.4843989701,1.2374831893885916,1.1048650024415696,0.1381081253051962
single_file_large_structure_subset,PDB,9fqr,multi-max-pdb,4506416,57,zsasa_bitmask_f32,zsasa bitmask f32,10,3.9153200691933336,0.0013596019797066196,2357.640625,0.0,1150970.0153143415,1.2849396518694278,1.1556102979967933,0.11556102979967933
single_file_large_structure_subset,PDB,9fqr,multi-max-pdb,4506416,57,freesasa,FreeSASA,1,219.25564134584,30.09140862037534,24371.348958333332,0.5502869753213621,20553.249952149985,0.29043538396148183,1.0,1.0
single_file_large_structure_subset,PDB,9fqr,multi-max-pdb,4506416,57,freesasa,FreeSASA,4,221.8856939815,4.055894332339574,24570.354166666668,12.277714318235635,20309.628435872608,0.30872608157293563,0.98814681294469,0.2470367032361725
single_file_large_structure_subset,PDB,9fqr,multi-max-pdb,4506416,57,freesasa,FreeSASA,8,174.68816496764666,0.7016756939319204,24482.114583333332,54.117566638571326,25796.916470183405,0.3764635653795619,1.2551259061336382,0.15689073826670477
single_file_large_structure_subset,PDB,9fqr,multi-max-pdb,4506416,57,freesasa,FreeSASA,10,199.47022499110003,28.985617758129298,24414.942708333332,206.97105040652477,22591.923181522794,0.3404699597130191,1.0991898232210986,0.10991898232210986
single_file_large_structure_subset,PDB,9fqr,multi-max-pdb,4506416,57,rustsasa,RustSASA,1,11.288598321526665,0.007431152382746741,5100.21875,0.0,399200.66882055154,0.9993645173661949,1.0,1.0
single_file_large_structure_subset,PDB,9fqr,multi-max-pdb,4506416,57,rustsasa,RustSASA,4,9.034410071146667,0.0100385699562844,5100.671875,0.0,498805.784164282,1.2623805535560702,1.2495113939513587,0.31237784848783967
single_file_large_structure_subset,PDB,9fqr,multi-max-pdb,4506416,57,rustsasa,RustSASA,8,8.759751548953332,0.004470271680395987,5101.140625,0.027063293868263706,514445.64093127206,1.4186913076872478,1.2886893262258672,0.1610861657782334
single_file_large_structure_subset,PDB,9fqr,multi-max-pdb,4506416,57,rustsasa,RustSASA,10,8.687402788386667,0.0019462878781400102,5101.40625,0.0,518729.948382753,1.4627572316919415,1.2994215413399826,0.12994215413399826
single_file_large_structure_subset,PDB,9fqr,multi-max-pdb,4506416,57,pdbtools_jl,PDBTools.jl,1,21.097413003473335,0.12774132617510198,2616.828125,0.027063293868263706,213600.406801445,1.0317130807973083,1.0,1.0
single_file_large_structure_subset,PDB,9fqr,multi-max-pdb,4506416,57,pdbtools_jl,PDBTools.jl,4,12.403005105486665,0.06290136352444302,3936.109375,0.0,363332.59251876915,1.9980834259570304,1.7009920437862724,0.4252480109465681
single_file_large_structure_subset,PDB,9fqr,multi-max-pdb,4506416,57,pdbtools_jl,PDBTools.jl,8,11.8205265535,0.04727541432281276,5813.348958333333,0.3337806243752524,381236.48549866606,2.5241614275774733,1.7848116078404725,0.22310145098005907
single_file_large_structure_subset,PDB,9fqr,multi-max-pdb,4506416,57,pdbtools_jl,PDBTools.jl,10,11.811407414573333,0.04856189847777354,6765.359375,0.0,381530.823705211,2.685020348001625,1.7861895930744545,0.17861895930744545
